t,idx,x,y
0.0000,0,0.0000,0.0000
0.0000,1,0.7278,-0.0377
0.0000,2,1.4560,-0.0670
0.0000,3,2.1847,-0.0882
0.0000,4,2.9139,-0.1014
0.0000,5,3.6434,-0.1069
0.0000,6,4.3731,-0.1052
0.0000,7,5.1032,-0.0963
0.0000,8,5.8334,-0.0807
0.0000,9,6.5638,-0.0585
0.0000,10,7.2942,-0.0300
0.0000,11,8.0247,0.0044
0.0000,12,8.7552,0.0445
0.0000,13,9.4856,0.0901
0.0000,14,10.2160,0.1408
0.0000,15,10.9461,0.1964
0.0000,16,11.6760,0.2566
0.0000,17,12.4057,0.3211
0.0000,18,13.1350,0.3896
0.0000,19,13.8639,0.4620
0.0000,20,14.5924,0.5378
0.0000,21,15.3204,0.6169
0.0000,22,16.0479,0.6989
0.0000,23,16.7748,0.7836
0.0000,24,17.5010,0.8707
0.0000,25,18.2266,0.9599
0.0000,26,18.9514,1.0509
0.0000,27,19.6754,1.1435
0.0000,28,20.3986,1.2375
0.0000,29,21.1208,1.3324
1.0004,0,1.5338,-0.0633
1.0004,1,2.0337,-0.0725
1.0004,2,2.5337,-0.0790
1.0004,3,3.0336,-0.0829
1.0004,4,3.5336,-0.0837
1.0004,5,4.0336,-0.0815
1.0004,6,4.5336,-0.0769
1.0004,7,5.0336,-0.0697
1.0004,8,5.5334,-0.0594
1.0004,9,6.0333,-0.0467
1.0004,10,6.5330,-0.0315
1.0004,11,7.0327,-0.0139
1.0004,12,7.5323,0.0065
1.0004,13,8.0318,0.0291
1.0004,14,8.5312,0.0539
1.0004,15,9.0304,0.0813
1.0004,16,9.5296,0.1109
1.0004,17,10.0286,0.1426
1.0004,18,10.5274,0.1764
1.0004,19,11.0261,0.2126
1.0004,20,11.5246,0.2507
1.0004,21,12.0230,0.2908
1.0004,22,12.5212,0.3331
1.0004,23,13.0193,0.3772
1.0004,24,13.5172,0.4232
1.0004,25,14.0149,0.4710
1.0004,26,14.5124,0.5208
1.0004,27,15.0097,0.5722
1.0004,28,15.5069,0.6253
1.0004,29,16.0039,0.6802
1.0004,30,16.5007,0.7368
1.0004,31,16.9973,0.7949
1.0004,32,17.4937,0.8545
1.0004,33,17.9899,0.9158
1.0004,34,18.4860,0.9784
1.0004,35,18.9819,1.0424
1.0004,36,19.4776,1.1080
1.0004,37,19.9731,1.1748
1.0004,38,20.4684,1.2430
1.0004,39,20.9636,1.3124
1.0004,40,21.4585,1.3832
1.0004,41,21.9533,1.4553
1.0004,42,22.4479,1.5286
1.0004,43,22.9423,1.6031
1.0004,44,23.4366,1.6787
1.0004,45,23.9307,1.7553
1.0004,46,24.4246,1.8330
1.0004,47,24.8350,1.8986
1.0004,48,24.9021,1.9094
2.0006,0,14.7491,0.5722
2.0006,1,15.2464,0.6245
2.0006,2,15.7435,0.6779
2.0006,3,16.2405,0.7327
2.0006,4,16.7373,0.7887
2.0006,5,17.2340,0.8460
2.0006,6,17.7306,0.9045
2.0006,7,18.2270,0.9641
2.0006,8,18.7233,1.0252
2.0006,9,19.2194,1.0875
2.0006,10,19.7154,1.1509
2.0006,11,20.2111,1.2158
2.0006,12,20.7068,1.2818
2.0006,13,21.2022,1.3492
2.0006,14,21.6975,1.4178
2.0006,15,22.1926,1.4877
2.0006,16,22.6874,1.5590
2.0006,17,23.1822,1.6314
2.0006,18,23.6767,1.7052
2.0006,19,24.1710,1.7804
2.0006,20,24.6652,1.8567
2.0006,21,25.1591,1.9345
2.0006,22,25.6528,2.0136
2.0006,23,26.1463,2.0938
2.0006,24,26.6396,2.1756
2.0006,25,27.1326,2.2585
2.0006,26,27.6255,2.3427
2.0006,27,28.1181,2.4286
2.0006,28,28.6105,2.5154
2.0006,29,29.1026,2.6038
2.0006,30,29.5945,2.6936
2.0006,31,30.0861,2.7844
2.0006,32,30.5775,2.8770
2.0006,33,31.0686,2.9707
2.0006,34,31.5596,3.0656
2.0006,35,32.0501,3.1623
2.0006,36,32.5405,3.2601
2.0006,37,33.0305,3.3591
2.0006,38,33.5203,3.4600
2.0006,39,34.0098,3.5618
2.0006,40,34.4990,3.6651
2.0006,41,34.9879,3.7700
2.0006,42,35.4765,3.8759
2.0006,43,35.9648,3.9836
2.0006,44,36.4528,4.0926
2.0006,45,36.9309,4.2003
3.0017,0,26.4642,2.1444
3.0017,1,26.9562,2.2333
3.0017,2,27.4483,2.3219
3.0017,3,27.9404,2.4101
3.0017,4,28.4326,2.4981
3.0017,5,28.9248,2.5861
3.0017,6,29.4169,2.6744
3.0017,7,29.9090,2.7632
3.0017,8,30.4009,2.8526
3.0017,9,30.8927,2.9429
3.0017,10,31.3843,3.0342
3.0017,11,31.8757,3.1267
3.0017,12,32.3668,3.2207
3.0017,13,32.8575,3.3162
3.0017,14,33.3480,3.4135
3.0017,15,33.8380,3.5130
3.0017,16,34.3275,3.6147
3.0017,17,34.8166,3.7185
3.0017,18,35.3051,3.8252
3.0017,19,35.7930,3.9347
3.0017,20,36.2802,4.0469
3.0017,21,36.7667,4.1625
3.0017,22,37.2523,4.2814
3.0017,23,37.7371,4.4038
3.0017,24,38.2208,4.5304
3.0017,25,38.7036,4.6603
3.0017,26,39.1853,4.7946
3.0017,27,39.6655,4.9338
3.0017,28,40.1447,5.0764
3.0017,29,40.6222,5.2246
3.0017,30,41.0982,5.3779
3.0017,31,41.5727,5.5354
3.0017,32,42.0451,5.6992
3.0017,33,42.5157,5.8680
3.0017,34,42.9845,6.0420
3.0017,35,43.4505,6.2230
3.0017,36,43.9147,6.4088
3.0017,37,44.3764,6.6006
3.0017,38,44.8314,6.8078
3.0017,39,45.2800,7.0283
3.0017,40,45.7207,7.2640
3.0017,41,45.9720,7.3985
3.0017,42,46.1490,7.4916
3.0017,43,46.3236,7.5891
3.0017,44,46.4967,7.6892
3.0017,45,46.6685,7.7916
3.0017,46,46.6709,7.7930
4.0501,0,37.4645,4.3887
4.0501,1,37.9430,4.5330
4.0501,2,38.4221,4.6757
4.0501,3,38.9019,4.8160
4.0501,4,39.3829,4.9525
4.0501,5,39.8643,5.0878
4.0501,6,40.3462,5.2207
4.0501,7,40.8286,5.3523
4.0501,8,41.3112,5.4830
4.0501,9,41.7933,5.6152
4.0501,10,42.2748,5.7501
4.0501,11,42.7549,5.8897
4.0501,12,43.2327,6.0370
4.0501,13,43.7082,6.1915
4.0501,14,44.1791,6.3596
4.0501,15,44.6455,6.5393
4.0501,16,45.1058,6.7345
4.0501,17,45.5563,6.9510
4.0501,18,45.9975,7.1858
4.0501,19,46.4223,7.4493
4.0501,20,46.8268,7.7422
4.0501,21,47.2093,8.0635
4.0501,22,47.5547,8.4245
4.0501,23,47.8618,8.8178
4.0501,24,48.1303,9.2389
4.0501,25,48.3512,9.6871
4.0501,26,48.5368,10.1509
4.0501,27,48.6930,10.6256
4.0501,28,48.8145,11.1105
4.0501,29,48.9152,11.6001
4.0501,30,48.9961,12.0934
4.0501,31,49.0586,12.5894
4.0501,32,49.1090,13.0868
4.0501,33,49.1463,13.5854
4.0501,34,49.1755,14.0845
4.0501,35,49.1978,14.5840
4.0501,36,49.2145,15.0838
4.0501,37,49.2291,15.5835
4.0501,38,49.2424,16.0833
4.0501,39,49.2572,16.5831
4.0501,40,49.2749,17.0827
4.0501,41,49.2974,17.5822
4.0501,42,49.3230,18.0815
4.0501,43,49.3530,18.5805
4.0501,44,49.3884,19.0792
4.0501,45,49.4180,19.4517
4.0501,46,49.4427,19.6502
4.0501,47,49.4520,19.7246
5.0504,0,44.5645,6.4541
5.0504,1,45.0399,6.6083
5.0504,2,45.5054,6.7887
5.0504,3,45.9563,7.0038
5.0504,4,46.3838,7.2625
5.0504,5,46.7875,7.5561
5.0504,6,47.1614,7.8870
5.0504,7,47.4998,8.2546
5.0504,8,47.7973,8.6559
5.0504,9,48.0575,9.0822
5.0504,10,48.2814,9.5286
5.0504,11,48.4717,9.9908
5.0504,12,48.6276,10.4657
5.0504,13,48.7582,10.9481
5.0504,14,48.8673,11.4359
5.0504,15,48.9562,11.9279
5.0504,16,49.0275,12.4228
5.0504,17,49.0867,12.9192
5.0504,18,49.1349,13.4168
5.0504,19,49.1721,13.9154
5.0504,20,49.2030,14.4145
5.0504,21,49.2285,14.9138
5.0504,22,49.2494,15.4134
5.0504,23,49.2685,15.9130
5.0504,24,49.2868,16.4127
5.0504,25,49.3056,16.9123
5.0504,26,49.3248,17.4119
5.0504,27,49.3445,17.9115
5.0504,28,49.3644,18.4111
5.0504,29,49.3841,18.9108
5.0504,30,49.4035,19.4104
5.0504,31,49.4224,19.9100
5.0504,32,49.4403,20.4097
5.0504,33,49.4572,20.9094
5.0504,34,49.4727,21.4092
5.0504,35,49.4865,21.9090
5.0504,36,49.4983,22.4088
5.0504,37,49.5080,22.9087
5.0504,38,49.5155,23.4087
5.0504,39,49.5203,23.9086
5.0504,40,49.5230,24.4086
5.0504,41,49.5232,24.9086
5.0504,42,49.5199,25.4086
5.0504,43,49.5135,25.9086
5.0504,44,49.5047,26.4085
5.0504,45,49.4929,26.9083
5.0504,46,49.4771,27.4081
5.0504,47,49.4684,27.6208
5.0504,48,49.4605,27.7937
6.1010,0,48.2422,10.4639
6.1010,1,48.3835,10.9435
6.1010,2,48.5150,11.4258
6.1010,3,48.6370,11.9107
6.1010,4,48.7473,12.3983
6.1010,5,48.8501,12.8876
6.1010,6,48.9447,13.3786
6.1010,7,49.0292,13.8713
6.1010,8,49.1071,14.3652
6.1010,9,49.1778,14.8602
6.1010,10,49.2396,15.3563
6.1010,11,49.2954,15.8532
6.1010,12,49.3451,16.3507
6.1010,13,49.3871,16.8489
6.1010,14,49.4240,17.3475
6.1010,15,49.4555,17.8465
6.1010,16,49.4808,18.3459
6.1010,17,49.5017,18.8455
6.1010,18,49.5181,19.3452
6.1010,19,49.5295,19.8450
6.1010,20,49.5375,20.3450
6.1010,21,49.5419,20.8450
6.1010,22,49.5425,21.3450
6.1010,23,49.5406,21.8449
6.1010,24,49.5360,22.3449
6.1010,25,49.5289,22.8449
6.1010,26,49.5200,23.3448
6.1010,27,49.5094,23.8447
6.1010,28,49.4973,24.3445
6.1010,29,49.4843,24.8444
6.1010,30,49.4705,25.3442
6.1010,31,49.4563,25.8440
6.1010,32,49.4420,26.3438
6.1010,33,49.4279,26.8436
6.1010,34,49.4144,27.3434
6.1010,35,49.4016,27.8432
6.1010,36,49.3901,28.3431
6.1010,37,49.3801,28.8430
6.1010,38,49.3718,29.3429
6.1010,39,49.3659,29.8429
6.1010,40,49.3624,30.3429
6.1010,41,49.3615,30.8429
6.1010,42,49.3643,31.3429
6.1010,43,49.3700,31.8428
6.1010,44,49.3763,32.2560
7.1505,0,49.4511,19.6467
7.1505,1,49.4632,20.1465
7.1505,2,49.4739,20.6464
7.1505,3,49.4830,21.1463
7.1505,4,49.4904,21.6463
7.1505,5,49.4963,22.1462
7.1505,6,49.5009,22.6462
7.1505,7,49.5039,23.1462
7.1505,8,49.5054,23.6462
7.1505,9,49.5056,24.1462
7.1505,10,49.5045,24.6462
7.1505,11,49.5020,25.1462
7.1505,12,49.4983,25.6462
7.1505,13,49.4933,26.1462
7.1505,14,49.4871,26.6461
7.1505,15,49.4798,27.1461
7.1505,16,49.4713,27.6460
7.1505,17,49.4618,28.1459
7.1505,18,49.4511,28.6458
7.1505,19,49.4395,29.1457
7.1505,20,49.4270,29.6455
7.1505,21,49.4134,30.1453
7.1505,22,49.3989,30.6451
7.1505,23,49.3836,31.1449
7.1505,24,49.3674,31.6446
7.1505,25,49.3505,32.1443
7.1505,26,49.3328,32.6440
7.1505,27,49.3144,33.1437
7.1505,28,49.2952,33.6433
7.1505,29,49.2754,34.1429
7.1505,30,49.2551,34.6425
7.1505,31,49.2341,35.1421
7.1505,32,49.2125,35.6416
7.1505,33,49.1905,36.1411
7.1505,34,49.1678,36.6406
7.1505,35,49.1447,37.1401
7.1505,36,49.1211,37.6395
7.1505,37,49.0972,38.1389
7.1505,38,49.0728,38.6383
7.1505,39,49.0481,39.1377
7.1505,40,49.0231,39.6371
7.1505,41,48.9977,40.1335
7.1505,42,48.9939,40.2069
8.2005,0,49.2868,34.1032
8.2005,1,49.2652,34.6027
8.2005,2,49.2433,35.1023
8.2005,3,49.2209,35.6018
8.2005,4,49.1980,36.1012
8.2005,5,49.1747,36.6007
8.2005,6,49.1509,37.1001
8.2005,7,49.1266,37.5995
8.2005,8,49.1018,38.0989
8.2005,9,49.0764,38.5983
8.2005,10,49.0505,39.0976
8.2005,11,49.0241,39.5969
8.2005,12,48.9972,40.0962
8.2005,13,48.9696,40.5954
8.2005,14,48.9415,41.0946
8.2005,15,48.9128,41.5938
8.2005,16,48.8835,42.0929
8.2005,17,48.8536,42.5921
8.2005,18,48.8230,43.0911
8.2005,19,48.7919,43.5901
8.2005,20,48.7601,44.0891
8.2005,21,48.7275,44.5881
8.2005,22,48.6944,45.0870
8.2005,23,48.6606,45.5858
8.2005,24,48.6260,46.0846
8.2005,25,48.5908,46.5834
8.2005,26,48.5549,47.0821
8.2005,27,48.5182,47.5807
8.2005,28,48.4807,48.0793
8.2005,29,48.4426,48.5779
8.2005,30,48.4036,49.0764
8.2005,31,48.3638,49.5748
8.2005,32,48.3233,50.0731
8.2005,33,48.2819,50.5714
8.2005,34,48.2398,51.0696
8.2005,35,48.1969,51.5678
8.2005,36,48.1530,52.0659
8.2005,37,48.1082,52.5638
8.2005,38,48.0615,53.0617
8.2005,39,48.0131,53.5593
8.2005,40,47.9799,53.8973
8.2005,41,47.9606,54.0964
8.2005,42,47.9409,54.2954
8.2005,43,47.9209,54.4944
8.2005,44,47.9003,54.6934
8.2005,45,47.8909,54.7842
9.2006,0,48.4153,48.9523
9.2006,1,48.3725,49.4505
9.2006,2,48.3298,49.9487
9.2006,3,48.2871,50.4468
9.2006,4,48.2443,50.9450
9.2006,5,48.2014,51.4431
9.2006,6,48.1581,51.9413
9.2006,7,48.1143,52.4394
9.2006,8,48.0702,52.9374
9.2006,9,48.0253,53.4354
9.2006,10,47.9797,53.9333
9.2006,11,47.9332,54.4311
9.2006,12,47.8858,54.9289
9.2006,13,47.8374,55.4265
9.2006,14,47.7875,55.9240
9.2006,15,47.7366,56.4214
9.2006,16,47.6843,56.9187
9.2006,17,47.6302,57.4158
9.2006,18,47.5748,57.9127
9.2006,19,47.5175,58.4094
9.2006,20,47.4583,58.9059
9.2006,21,47.3974,59.4021
9.2006,22,47.3341,59.8981
9.2006,23,47.2688,60.3938
9.2006,24,47.2012,60.8892
9.2006,25,47.1310,61.3843
9.2006,26,47.0588,61.8790
9.2006,27,46.9834,62.3733
9.2006,28,46.9054,62.8672
9.2006,29,46.8251,63.3607
9.2006,30,46.7411,63.8536
9.2006,31,46.6542,64.3460
9.2006,32,46.5638,64.8378
9.2006,33,46.4697,65.3288
9.2006,34,46.3721,65.8192
9.2006,35,46.2710,66.3089
9.2006,36,46.1665,66.7978
9.2006,37,46.0582,67.2860
9.2006,38,45.9456,67.7731
9.2006,39,45.9050,67.9472
10.2502,0,46.7515,63.9053
10.2502,1,46.6558,64.3960
10.2502,2,46.5592,64.8866
10.2502,3,46.4612,65.3769
10.2502,4,46.3615,65.8669
10.2502,5,46.2591,66.3563
10.2502,6,46.1540,66.8451
10.2502,7,46.0460,67.3333
10.2502,8,45.9342,67.8206
10.2502,9,45.8182,68.3069
10.2502,10,45.6980,68.7923
10.2502,11,45.5732,69.2764
10.2502,12,45.4424,69.7590
10.2502,13,45.3063,70.2401
10.2502,14,45.1644,70.7195
10.2502,15,45.0150,71.1967
10.2502,16,44.8589,71.6717
10.2502,17,44.6957,72.1443
10.2502,18,44.5234,72.6136
10.2502,19,44.3430,73.0799
10.2502,20,44.1540,73.5428
10.2502,21,43.9541,74.0011
10.2502,22,43.7445,74.4550
10.2502,23,43.5249,74.9041
10.2502,24,43.2926,75.3468
10.2502,25,43.0486,75.7832
10.2502,26,42.7931,76.2129
10.2502,27,42.5235,76.6340
10.2502,28,42.2403,77.0459
10.2502,29,41.9438,77.4483
10.2502,30,41.6335,77.8404
10.2502,31,41.3071,78.2190
10.2502,32,40.9657,78.5840
10.2502,33,40.6100,78.9352
10.2502,34,40.2379,79.2692
10.2502,35,39.8502,79.5846
10.2502,36,39.4494,79.8833
10.2502,37,39.0365,80.1650
10.2502,38,38.6089,80.4237
10.2502,39,38.1695,80.6615
10.2502,40,37.7208,80.8811
10.2502,41,37.4955,80.9711
10.2502,42,37.3033,81.0265
10.2502,43,37.1089,81.0727
10.2502,44,36.9125,81.1104
10.2502,45,36.7140,81.1348
10.2502,46,36.5147,81.1494
10.2502,47,36.3149,81.1574
10.2502,48,36.1150,81.1519
10.2502,49,36.0058,81.1489
11.3005,0,43.9288,74.1293
11.3005,1,43.7474,74.5952
11.3005,2,43.5486,75.0537
11.3005,3,43.3304,75.5034
11.3005,4,43.0907,75.9421
11.3005,5,42.8342,76.3711
11.3005,6,42.5604,76.7894
11.3005,7,42.2664,77.1938
11.3005,8,41.9565,77.5860
11.3005,9,41.6313,77.9657
11.3005,10,41.2879,78.3291
11.3005,11,40.9295,78.6775
11.3005,12,40.5575,79.0115
11.3005,13,40.1699,79.3273
11.3005,14,39.7682,79.6249
11.3005,15,39.3546,79.9056
11.3005,16,38.9281,80.1665
11.3005,17,38.4893,80.4059
11.3005,18,38.0404,80.6258
11.3005,19,37.5816,80.8244
11.3005,20,37.1127,80.9977
11.3005,21,36.6363,81.1490
11.3005,22,36.1533,81.2784
11.3005,23,35.6635,81.3785
11.3005,24,35.1695,81.4545
11.3005,25,34.6724,81.5072
11.3005,26,34.1730,81.5307
11.3005,27,33.6731,81.5276
11.3005,28,33.1740,81.5007
11.3005,29,32.6773,81.4437
11.3005,30,32.1851,81.3570
11.3005,31,31.6972,81.2486
11.3005,32,31.2159,81.1133
11.3005,33,30.7429,80.9519
11.3005,34,30.2763,80.7726
11.3005,35,29.8794,80.5949
11.3005,36,29.8010,80.5600
12.3503,0,39.5229,79.7655
12.3503,1,39.1272,80.0709
12.3503,2,38.7144,80.3521
12.3503,3,38.2828,80.6039
12.3503,4,37.8316,80.8189
12.3503,5,37.3682,81.0055
12.3503,6,36.8934,81.1615
12.3503,7,36.4080,81.2804
12.3503,8,35.9168,81.3722
12.3503,9,35.4212,81.4374
12.3503,10,34.9224,81.4697
12.3503,11,34.4227,81.4793
12.3503,12,33.9230,81.4668
12.3503,13,33.4246,81.4276
12.3503,14,32.9280,81.3706
12.3503,15,32.4338,81.2950
12.3503,16,31.9432,81.1988
12.3503,17,31.4557,81.0885
12.3503,18,30.9720,80.9619
12.3503,19,30.4926,80.8200
12.3503,20,30.0170,80.6661
12.3503,21,29.5461,80.4979
12.3503,22,29.0797,80.3179
12.3503,23,28.6175,80.1273
12.3503,24,28.1607,79.9240
12.3503,25,27.7085,79.7109
12.3503,26,27.2609,79.4881
12.3503,27,26.8190,79.2541
12.3503,28,26.3820,79.0113
12.3503,29,26.0694,78.8332
13.3507,0,33.9132,81.2700
13.3507,1,33.4133,81.2736
13.3507,2,32.9137,81.2578
13.3507,3,32.4153,81.2197
13.3507,4,31.9192,81.1580
13.3507,5,31.4256,81.0792
13.3507,6,30.9362,80.9771
13.3507,7,30.4506,80.8586
13.3507,8,29.9696,80.7224
13.3507,9,29.4945,80.5669
13.3507,10,29.0242,80.3975
13.3507,11,28.5622,80.2063
13.3507,12,28.1061,80.0018
13.3507,13,27.6589,79.7783
13.3507,14,27.2204,79.5385
13.3507,15,26.7906,79.2831
13.3507,16,26.3733,79.0080
13.3507,17,25.9655,78.7189
13.3507,18,25.5735,78.4086
13.3507,19,25.1944,78.0830
13.3507,20,24.8315,77.7392
13.3507,21,24.4882,77.3759
13.3507,22,24.1617,76.9976
13.3507,23,23.8618,76.5976
13.3507,24,23.5842,76.1823
13.3507,25,23.3329,75.7503
13.3507,26,23.1151,75.3005
13.3507,27,22.9254,74.8385
13.3507,28,22.7738,74.3622
13.3507,29,22.6583,73.8763
13.3507,30,22.5763,73.3835
13.3507,31,22.5406,72.8849
13.3507,32,22.5383,72.3857
13.3507,33,22.5756,71.8873
13.3507,34,22.6501,71.3934
13.3507,35,22.7539,70.9045
13.3507,36,22.8972,70.4258
13.3507,37,23.0607,69.9535
13.3507,38,23.2617,69.4958
13.3507,39,23.4766,69.0446
13.3507,40,23.7230,68.6097
13.3507,41,23.9763,68.1786
13.3507,42,24.0295,68.0884
14.4004,0,26.8493,79.3459
14.4004,1,26.3949,79.1378
14.4004,2,25.9511,78.9097
14.4004,3,25.5350,78.6329
14.4004,4,25.1381,78.3308
14.4004,5,24.7747,77.9878
14.4004,6,24.4437,77.6145
14.4004,7,24.1455,77.2138
14.4004,8,23.8964,76.7806
14.4004,9,23.6796,76.3309
14.4004,10,23.5012,75.8641
14.4004,11,23.3642,75.3837
14.4004,12,23.2566,74.8959
14.4004,13,23.1844,74.4014
14.4004,14,23.1400,73.9037
14.4004,15,23.1188,73.4043
14.4004,16,23.1280,72.9045
14.4004,17,23.1550,72.4054
14.4004,18,23.2034,71.9078
14.4004,19,23.2686,71.4122
14.4004,20,23.3461,70.9183
14.4004,21,23.4359,70.4264
14.4004,22,23.5306,69.9355
14.4004,23,23.6282,69.4452
14.4004,24,23.7239,68.9545
14.4004,25,23.8154,68.4630
14.4004,26,23.8952,67.9695
14.4004,27,23.9621,67.4742
14.4004,28,24.0113,66.9767
14.4004,29,24.0335,66.4775
14.4004,30,24.0305,65.9779
14.4004,31,23.9911,65.4797
14.4004,32,23.9122,64.9865
14.4004,33,23.7972,64.5005
14.4004,34,23.6328,64.0286
14.4004,35,23.4305,63.5723
14.4004,36,23.1904,63.1342
14.4004,37,22.9100,62.7208
14.4004,38,22.6060,62.3247
14.4004,39,22.2666,61.9578
14.4004,40,21.9146,61.6032
14.4004,41,21.5428,61.2691
14.4004,42,21.1848,60.9222
14.4004,43,20.9062,60.5180
14.4004,44,20.7928,60.0812
14.4004,45,20.9862,59.6813
14.4004,46,21.3890,59.4641
14.4004,47,21.6748,59.3796
14.4004,48,21.8607,59.3058
14.4004,49,22.0594,59.2839
14.4004,50,22.2583,59.2627
15.4016,0,23.6081,75.8415
15.4016,1,23.4387,75.3712
15.4016,2,23.2992,74.8914
15.4016,3,23.1894,74.4038
15.4016,4,23.1091,73.9106
15.4016,5,23.0579,73.4133
15.4016,6,23.0372,72.9138
15.4016,7,23.0411,72.4140
15.4016,8,23.0688,71.9149
15.4016,9,23.1199,71.4177
15.4016,10,23.1961,70.9236
15.4016,11,23.2936,70.4333
15.4016,12,23.4106,69.9473
15.4016,13,23.5470,69.4664
15.4016,14,23.7050,68.9920
15.4016,15,23.8812,68.5242
15.4016,16,24.0743,68.0631
15.4016,17,24.2847,67.6097
15.4016,18,24.5153,67.1661
15.4016,19,24.7618,66.7312
15.4016,20,25.0242,66.3057
15.4016,21,25.3040,65.8913
15.4016,22,25.6021,65.4900
15.4016,23,25.9153,65.1005
15.4016,24,26.2434,64.7234
15.4016,25,26.5981,64.3713
15.4016,26,26.9843,64.0554
15.4016,27,27.3953,63.7751
15.4016,28,27.5647,63.6443
15.4016,29,27.7281,63.5290
15.4016,30,27.8979,63.4234
15.4016,31,28.0725,63.3261
15.4016,32,28.2215,63.2501
16.4504,0,23.4637,70.0321
16.4504,1,23.5741,69.5445
16.4504,2,23.7025,69.0615
16.4504,3,23.8558,68.5857
16.4504,4,24.0341,68.1188
16.4504,5,24.2337,67.6606
16.4504,6,24.4592,67.2145
16.4504,7,24.7068,66.7803
16.4504,8,24.9746,66.3583
16.4504,9,25.2650,65.9514
16.4504,10,25.5742,65.5587
16.4504,11,25.9000,65.1797
16.4504,12,26.2428,64.8158
16.4504,13,26.6009,64.4670
16.4504,14,26.9711,64.1310
16.4504,15,27.3531,63.8085
16.4504,16,27.7466,63.5001
16.4504,17,28.1483,63.2026
16.4504,18,28.5581,62.9161
16.4504,19,28.9758,62.6414
16.4504,20,29.3990,62.3752
16.4504,21,29.8276,62.1177
16.4504,22,30.2613,61.8689
16.4504,23,30.6985,61.6264
16.4504,24,31.1393,61.3904
16.4504,25,31.5831,61.1600
16.4504,26,32.0290,60.9339
16.4504,27,32.4770,60.7120
16.4504,28,32.9265,60.4930
16.4504,29,33.3771,60.2763
16.4504,30,33.8285,60.0613
16.4504,31,34.2803,59.8470
16.4504,32,34.7321,59.6329
16.4504,33,35.1835,59.4178
16.4504,34,35.6342,59.2013
16.4504,35,36.0838,58.9827
16.4504,36,36.5314,58.7598
16.4504,37,36.9766,58.5321
16.4504,38,37.4184,58.2981
16.4504,39,37.8561,58.0565
16.4504,40,38.2900,57.8080
16.4504,41,38.7193,57.5517
16.4504,42,39.1424,57.2853
16.4504,43,39.5387,57.0223
16.4504,44,39.6976,56.9132
17.4505,0,26.2023,65.0065
17.4505,1,26.5372,64.6353
17.4505,2,26.8874,64.2787
17.4505,3,27.2523,63.9370
17.4505,4,27.6310,63.6107
17.4505,5,28.0230,63.3004
17.4505,6,28.4247,63.0028
17.4505,7,28.8353,62.7177
17.4505,8,29.2546,62.4453
17.4505,9,29.6808,62.1840
17.4505,10,30.1125,61.9318
17.4505,11,30.5491,61.6882
17.4505,12,30.9905,61.4533
17.4505,13,31.4350,61.2244
17.4505,14,31.8822,61.0007
17.4505,15,32.3320,60.7823
17.4505,16,32.7833,60.5672
17.4505,17,33.2358,60.3545
17.4505,18,33.6892,60.1436
17.4505,19,34.1428,59.9333
17.4505,20,34.5962,59.7226
17.4505,21,35.0490,59.5106
17.4505,22,35.5007,59.2961
17.4505,23,35.9510,59.0787
17.4505,24,36.3990,58.8568
17.4505,25,36.8442,58.6292
17.4505,26,37.2863,58.3958
17.4505,27,37.7246,58.1552
17.4505,28,38.1574,57.9048
17.4505,29,38.5850,57.6458
17.4505,30,39.0063,57.3766
17.4505,31,39.4191,57.0945
17.4505,32,39.8231,56.7999
17.4505,33,40.2172,56.4925
17.4505,34,40.5998,56.1707
17.4505,35,40.9671,55.8316
17.4505,36,41.3207,55.4783
17.4505,37,41.6579,55.1093
17.4505,38,41.9764,54.7240
17.4505,39,42.2737,54.3222
17.4505,40,42.5510,53.9064
17.4505,41,42.8003,53.4736
17.4505,42,43.0110,53.0208
17.4505,43,43.1843,52.5528
17.4505,44,43.3432,52.0793
17.4505,45,43.4745,51.5975
17.4505,46,43.5454,51.2759
17.4505,47,43.5882,51.0806
17.4505,48,43.6203,50.8832
17.4505,49,43.6316,50.8135
18.5009,0,32.4785,60.8507
18.5009,1,32.9367,60.6508
18.5009,2,33.3938,60.4481
18.5009,3,33.8493,60.2421
18.5009,4,34.3028,60.0316
18.5009,5,34.7540,59.8162
18.5009,6,35.2029,59.5960
18.5009,7,35.6491,59.3704
18.5009,8,36.0916,59.1376
18.5009,9,36.5308,58.8988
18.5009,10,36.9662,58.6530
18.5009,11,37.3966,58.3986
18.5009,12,37.8223,58.1363
18.5009,13,38.2425,57.8654
18.5009,14,38.6562,57.5846
18.5009,15,39.0628,57.2937
18.5009,16,39.4618,56.9925
18.5009,17,39.8525,56.6804
18.5009,18,40.2325,56.3556
18.5009,19,40.6024,56.0193
18.5009,20,40.9613,55.6713
18.5009,21,41.3065,55.3097
18.5009,22,41.6381,54.9355
18.5009,23,41.9548,54.5488
18.5009,24,42.2558,54.1496
18.5009,25,42.5374,53.7365
18.5009,26,42.8002,53.3114
18.5009,27,43.0433,52.8746
18.5009,28,43.2643,52.4262
18.5009,29,43.4607,51.9665
18.5009,30,43.6328,51.4973
18.5009,31,43.7806,51.0198
18.5009,32,43.9008,50.5346
18.5009,33,43.9932,50.0434
18.5009,34,44.0596,49.5480
18.5009,35,44.1002,49.0498
18.5009,36,44.1108,48.5500
18.5009,37,44.0963,48.0504
18.5009,38,44.0594,47.5519
18.5009,39,43.9938,47.0563
18.5009,40,43.9071,46.5641
18.5009,41,43.8038,46.0749
18.5009,42,43.7865,45.9943
19.5506,0,39.6838,56.8995
19.5506,1,40.0936,56.6132
19.5506,2,40.4868,56.3047
19.5506,3,40.8617,55.9742
19.5506,4,41.2178,55.6234
19.5506,5,41.5527,55.2521
19.5506,6,41.8686,54.8648
19.5506,7,42.1639,54.4615
19.5506,8,42.4404,54.0449
19.5506,9,42.6940,53.6140
19.5506,10,42.9277,53.1721
19.5506,11,43.1409,52.7200
19.5506,12,43.3336,52.2586
19.5506,13,43.5036,51.7884
19.5506,14,43.6515,51.3109
19.5506,15,43.7796,50.8277
19.5506,16,43.8838,50.3387
19.5506,17,43.9641,49.8452
19.5506,18,44.0221,49.3487
19.5506,19,44.0580,48.8500
19.5506,20,44.0661,48.3501
19.5506,21,44.0483,47.8506
19.5506,22,44.0067,47.3524
19.5506,23,43.9392,46.8570
19.5506,24,43.8408,46.3668
19.5506,25,43.7153,45.8830
19.5506,26,43.5632,45.4068
19.5506,27,43.3826,44.9406
19.5506,28,43.1690,44.4886
19.5506,29,42.9288,44.0504
19.5506,30,42.6624,43.6274
19.5506,31,42.3676,43.2236
19.5506,32,42.0455,42.8413
19.5506,33,41.8719,42.6425
20.6002,0,43.0980,52.3396
20.6002,1,43.3052,51.8847
20.6002,2,43.4873,51.4192
20.6002,3,43.6448,50.9449
20.6002,4,43.7778,50.4630
20.6002,5,43.8861,49.9751
20.6002,6,43.9696,49.4823
20.6002,7,44.0276,48.9859
20.6002,8,44.0595,48.4871
20.6002,9,44.0644,47.9873
20.6002,10,44.0416,47.4879
20.6002,11,43.9907,46.9907
20.6002,12,43.9100,46.4974
20.6002,13,43.7990,46.0100
20.6002,14,43.6574,45.5307
20.6002,15,43.4847,45.0618
20.6002,16,43.2804,44.6058
20.6002,17,43.0448,44.1651
20.6002,18,42.7786,43.7423
20.6002,19,42.4824,43.3399
20.6002,20,42.1583,42.9596
20.6002,21,41.8585,42.6417
21.6007,0,43.8411,46.7531
21.6007,1,43.8312,46.2552
21.6007,2,43.7611,45.7614
21.6007,3,43.6348,45.2785
21.6007,4,43.4580,44.8114
21.6007,5,43.2366,44.3635
21.6007,6,42.9765,43.9370
21.6007,7,42.6828,43.5328
21.6007,8,42.3597,43.1516
21.6007,9,42.0109,42.7938
21.6007,10,41.6393,42.4597
21.6007,11,41.2472,42.1497
21.6007,12,40.8367,41.8646
21.6007,13,40.4092,41.6055
21.6007,14,39.9663,41.3739
21.6007,15,39.5093,41.1716
21.6007,16,39.0391,41.0021
21.6007,17,38.5578,40.8678
21.6007,18,38.2904,40.8051
22.6505,0,41.5055,42.5652
22.6505,1,41.4012,42.2141
22.6505,2,41.0319,41.8998
22.6505,3,40.5954,41.6571
22.6505,4,40.1443,41.4432
22.6505,5,39.6855,41.2486
22.6505,6,39.2220,41.0690
22.6505,7,38.7411,40.9454
22.6505,8,38.2514,40.9212
22.6505,9,37.7599,40.9152
22.6505,10,37.2669,40.9198
22.6505,11,36.7726,40.9371
22.6505,12,36.2775,40.9682
22.6505,13,35.7822,41.0146
22.6505,14,35.2882,41.0831
22.6505,15,34.9232,41.1596
22.6505,16,34.6659,41.2993
22.6505,17,34.5312,41.5439
22.6505,18,34.5453,41.6185
23.7006,0,36.5885,41.1989
23.7006,1,36.0998,41.3041
23.7006,2,35.6198,41.4416
23.7006,3,35.1526,41.6189
23.7006,4,34.7039,41.8386
23.7006,5,34.2733,42.0915
23.7006,6,33.8643,42.3785
23.7006,7,33.4824,42.7010
23.7006,8,33.1223,43.0473
23.7006,9,32.7859,43.4168
23.7006,10,32.4746,43.8079
23.7006,11,32.1831,44.2139
23.7006,12,31.9110,44.6332
23.7006,13,31.6579,45.0644
23.7006,14,31.4196,45.5038
23.7006,15,31.1945,45.9502
23.7006,16,30.9823,46.4030
23.7006,17,30.7795,46.8599
23.7006,18,30.5843,47.3202
23.7006,19,30.3966,47.7837
23.7006,20,30.2133,48.2488
23.7006,21,30.0335,48.7154
23.7006,22,29.8563,49.1829
23.7006,23,29.6802,49.6509
23.7006,24,29.5047,50.1191
23.7006,25,29.3285,50.5870
23.7006,26,29.1508,51.0544
23.7006,27,28.9706,51.5208
23.7006,28,28.7865,51.9856
23.7006,29,28.5983,52.4488
23.7006,30,28.4041,52.9096
23.7006,31,28.2028,53.3673
23.7006,32,27.9947,53.8219
23.7006,33,27.7770,54.2720
23.7006,34,27.5491,54.7169
23.7006,35,27.3115,55.1568
23.7006,36,27.0610,55.5895
23.7006,37,26.7973,56.0143
23.7006,38,26.5215,56.4313
23.7006,39,26.2303,56.8376
23.7006,40,25.9237,57.2325
23.7006,41,25.6038,57.6166
23.7006,42,25.2670,57.9860
23.7006,43,24.9155,58.3414
23.7006,44,24.5650,58.6790
24.7007,0,32.5458,44.3808
24.7007,1,32.2474,44.7819
24.7007,2,31.9620,45.1924
24.7007,3,31.6898,45.6117
24.7007,4,31.4310,46.0395
24.7007,5,31.1845,46.4745
24.7007,6,30.9477,46.9148
24.7007,7,30.7201,47.3600
24.7007,8,30.5021,47.8099
24.7007,9,30.2903,48.2628
24.7007,10,30.0844,48.7184
24.7007,11,29.8836,49.1764
24.7007,12,29.6864,49.6358
24.7007,13,29.4914,50.0962
24.7007,14,29.2981,50.5573
24.7007,15,29.1049,51.0185
24.7007,16,28.9109,51.4793
24.7007,17,28.7152,51.9395
24.7007,18,28.5161,52.3981
24.7007,19,28.3132,52.8551
24.7007,20,28.1059,53.3100
24.7007,21,27.8916,53.7618
24.7007,22,27.6708,54.2104
24.7007,23,27.4427,54.6553
24.7007,24,27.2049,55.0951
24.7007,25,26.9574,55.5294
24.7007,26,26.7002,55.9581
24.7007,27,26.4321,56.3801
24.7007,28,26.1529,56.7948
24.7007,29,25.8639,57.2027
24.7007,30,25.5653,57.6036
24.7007,31,25.2551,57.9957
24.7007,32,24.9357,58.3803
24.7007,33,24.6072,58.7572
24.7007,34,24.2685,59.1249
24.7007,35,23.9207,59.4841
24.7007,36,23.5645,59.8349
24.7007,37,23.1995,60.1765
24.7007,38,22.8261,60.5088
24.7007,39,22.4454,60.8324
24.7007,40,22.0575,61.1473
24.7007,41,21.6654,61.4572
24.7007,42,21.2781,61.7732
24.7007,43,20.8867,62.0842
24.7007,44,20.4885,62.3864
24.7007,45,20.2913,62.5386
24.7007,46,20.1331,62.6609
24.7007,47,19.9734,62.7814
24.7007,48,19.8129,62.9006
24.7007,49,19.6827,62.9965
25.7506,0,28.7558,52.2206
25.7506,1,28.5689,52.6843
25.7506,2,28.3692,53.1425
25.7506,3,28.1562,53.5947
25.7506,4,27.9298,54.0405
25.7506,5,27.6903,54.4793
25.7506,6,27.4391,54.9115
25.7506,7,27.1765,55.3369
25.7506,8,26.9026,55.7552
25.7506,9,26.6178,56.1661
25.7506,10,26.3233,56.5702
25.7506,11,26.0201,56.9677
25.7506,12,25.7078,57.3581
25.7506,13,25.3871,57.7417
25.7506,14,25.0589,58.1188
25.7506,15,24.7243,58.4904
25.7506,16,24.3825,58.8553
25.7506,17,24.0347,59.2145
25.7506,18,23.6817,59.5686
25.7506,19,23.3240,59.9179
25.7506,20,22.9610,60.2617
25.7506,21,22.5939,60.6012
25.7506,22,22.2234,60.9369
25.7506,23,21.8495,61.2688
25.7506,24,21.4722,61.5970
25.7506,25,21.0925,61.9222
25.7506,26,20.7106,62.2449
25.7506,27,20.3266,62.5651
25.7506,28,19.9408,62.8832
25.7506,29,19.5538,63.1998
25.7506,30,19.1658,63.5152
25.7506,31,18.7772,63.8298
25.7506,32,18.3883,64.1441
25.7506,33,17.9994,64.4583
25.7506,34,17.6107,64.7728
25.7506,35,17.2228,65.0883
25.7506,36,16.8358,65.4049
25.7506,37,16.4500,65.7230
25.7506,38,16.0660,66.0431
25.7506,39,15.6846,66.3664
25.7506,40,15.5922,66.4458
26.7507,0,23.0807,60.1538
26.7507,1,22.7046,60.4832
26.7507,2,22.3277,60.8116
26.7507,3,21.9500,61.1392
26.7507,4,21.5715,61.4659
26.7507,5,21.1922,61.7917
26.7507,6,20.8123,62.1167
26.7507,7,20.4316,62.4408
26.7507,8,20.0502,62.7641
26.7507,9,19.6683,63.0868
26.7507,10,19.2856,63.4086
26.7507,11,18.9023,63.7297
26.7507,12,18.5185,64.0502
26.7507,13,18.1341,64.3699
26.7507,14,17.7492,64.6890
26.7507,15,17.3638,65.0076
26.7507,16,16.9779,65.3254
26.7507,17,16.5915,65.6428
26.7507,18,16.2047,65.9596
26.7507,19,15.8174,66.2759
26.7507,20,15.4298,66.5917
26.7507,21,15.0418,66.9071
26.7507,22,14.6534,67.2219
26.7507,23,14.2647,67.5364
26.7507,24,13.8757,67.8505
26.7507,25,13.4863,68.1642
26.7507,26,13.0967,68.4776
26.7507,27,12.7069,68.7907
26.7507,28,12.3168,69.1035
26.7507,29,11.9265,69.4161
26.7507,30,11.5361,69.7284
26.7507,31,11.1454,70.0405
26.7507,32,10.7547,70.3524
26.7507,33,10.3638,70.6642
26.7507,34,9.9728,70.9758
26.7507,35,9.5816,71.2872
26.7507,36,9.1901,71.5983
26.7507,37,8.7984,71.9090
26.7507,38,8.4067,72.2197
26.7507,39,8.0148,72.5302
26.7507,40,7.6227,72.8405
26.7507,41,7.2305,73.1507
26.7507,42,6.8382,73.4606
26.7507,43,6.4454,73.7700
26.7507,44,6.2631,73.9127
27.7510,0,12.4727,68.9813
27.7510,1,12.0828,69.2943
27.7510,2,11.6927,69.6071
27.7510,3,11.3025,69.9197
27.7510,4,10.9120,70.2320
27.7510,5,10.5213,70.5440
27.7510,6,10.1304,70.8558
27.7510,7,9.7392,71.1672
27.7510,8,9.3477,71.4783
27.7510,9,8.9560,71.7890
27.7510,10,8.5640,72.0994
27.7510,11,8.1718,72.4094
27.7510,12,7.7792,72.7191
27.7510,13,7.3863,73.0283
27.7510,14,6.9931,73.3372
27.7510,15,6.5995,73.6456
27.7510,16,6.2056,73.9535
27.7510,17,5.8114,74.2610
27.7510,18,5.4167,74.5681
27.7510,19,5.0217,74.8746
27.7510,20,4.6263,75.1807
27.7510,21,4.2306,75.4862
27.7510,22,3.8343,75.7912
27.7510,23,3.4377,76.0956
27.7510,24,3.0407,76.3996
27.7510,25,2.6432,76.7029
27.7510,26,2.2453,77.0056
27.7510,27,1.8469,77.3078
27.7510,28,1.4480,77.6093
27.7510,29,1.0487,77.9102
27.7510,30,0.6489,78.2104
27.7510,31,0.2485,78.5099
27.7510,32,-0.1523,78.8089
27.7510,33,-0.5536,79.1071
27.7510,34,-0.9555,79.4045
27.7510,35,-1.3580,79.7012
27.7510,36,-1.7609,79.9973
27.7510,37,-2.1644,80.2925
27.7510,38,-2.5685,80.5870
27.7510,39,-2.9730,80.8809
27.7510,40,-3.3616,81.1621
27.7510,41,-3.4163,81.2017
28.8002,0,-0.2120,78.8400
28.8002,1,-0.6192,79.1300
28.8002,2,-1.0253,79.4217
28.8002,3,-1.4305,79.7146
28.8002,4,-1.8349,80.0086
28.8002,5,-2.2386,80.3036
28.8002,6,-2.6419,80.5992
28.8002,7,-3.0450,80.8950
28.8002,8,-3.4478,81.1911
28.8002,9,-3.8509,81.4871
28.8002,10,-4.2542,81.7826
28.8002,11,-4.6578,82.0777
28.8002,12,-5.0622,82.3717
28.8002,13,-5.4674,82.6647
28.8002,14,-5.8734,82.9565
28.8002,15,-6.2807,83.2466
28.8002,16,-6.6893,83.5347
28.8002,17,-7.0992,83.8210
28.8002,18,-7.5107,84.1050
28.8002,19,-7.9243,84.3860
28.8002,20,-8.3396,84.6644
28.8002,21,-8.7570,84.9397
28.8002,22,-9.1767,85.2114
28.8002,23,-9.5989,85.4793
28.8002,24,-10.0234,85.7434
28.8002,25,-10.4506,86.0033
28.8002,26,-10.8808,86.2581
28.8002,27,-11.3137,86.5082
28.8002,28,-11.7496,86.7532
28.8002,29,-12.1885,86.9927
28.8002,30,-12.6307,87.2260
28.8002,31,-13.0761,87.4532
28.8002,32,-13.5250,87.6733
28.8002,33,-13.9779,87.8851
28.8002,34,-14.4345,88.0889
28.8002,35,-14.8945,88.2849
28.8002,36,-15.3572,88.4743
28.8002,37,-15.8239,88.6538
28.8002,38,-16.2938,88.8244
28.8002,39,-16.7665,88.9875
28.8002,40,-17.0959,89.0939
28.8002,41,-17.1319,89.1054
29.8504,0,-10.2654,85.9014
29.8504,1,-10.6840,86.1742
29.8504,2,-11.1051,86.4434
29.8504,3,-11.5292,86.7081
29.8504,4,-11.9569,86.9671
29.8504,5,-12.3894,87.2179
29.8504,6,-12.8260,87.4614
29.8504,7,-13.2674,87.6963
29.8504,8,-13.7141,87.9208
29.8504,9,-14.1664,88.1334
29.8504,10,-14.6245,88.3335
29.8504,11,-15.0881,88.5203
29.8504,12,-15.5587,88.6888
29.8504,13,-16.0352,88.8395
29.8504,14,-16.5177,88.9703
29.8504,15,-17.0058,89.0782
29.8504,16,-17.4991,89.1591
29.8504,17,-17.9963,89.2110
29.8504,18,-18.4955,89.2356
29.8504,19,-18.9953,89.2292
29.8504,20,-19.4935,89.1896
29.8504,21,-19.9880,89.1178
29.8504,22,-20.4772,89.0160
29.8504,23,-20.9592,88.8833
29.8504,24,-21.4300,88.7153
29.8504,25,-21.8889,88.5173
29.8504,26,-22.3355,88.2930
29.8504,27,-22.7688,88.0437
29.8504,28,-23.1857,87.7677
29.8504,29,-23.5871,87.4700
29.8504,30,-23.9738,87.1533
29.8504,31,-24.3459,86.8193
29.8504,32,-24.7002,86.4666
29.8504,33,-25.0374,86.0977
29.8504,34,-25.3574,85.7135
29.8504,35,-25.6597,85.3154
29.8504,36,-25.9441,84.9043
29.8504,37,-26.2133,84.4832
29.8504,38,-26.4654,84.0516
29.8504,39,-26.6236,83.7626
29.8504,40,-26.6723,83.6757
30.8509,0,-16.9657,88.9904
30.8509,1,-17.4461,89.1288
30.8509,2,-17.9337,89.2370
30.8509,3,-18.4282,89.3073
30.8509,4,-18.9273,89.3320
30.8509,5,-19.4266,89.3165
30.8509,6,-19.9227,89.2599
30.8509,7,-20.4124,89.1612
30.8509,8,-20.8919,89.0201
30.8509,9,-21.3588,88.8422
30.8509,10,-21.8122,88.6322
30.8509,11,-22.2501,88.3916
30.8509,12,-22.6725,88.1242
30.8509,13,-23.0780,87.8320
30.8509,14,-23.4691,87.5207
30.8509,15,-23.8454,87.1917
30.8509,16,-24.2077,86.8472
30.8509,17,-24.5560,86.4886
30.8509,18,-24.8921,86.1186
30.8509,19,-25.2172,85.7388
30.8509,20,-25.5305,85.3491
30.8509,21,-25.8337,84.9516
30.8509,22,-26.1278,84.5473
30.8509,23,-26.4130,84.1367
30.8509,24,-26.6899,83.7203
30.8509,25,-26.9598,83.2995
30.8509,26,-27.2233,82.8746
30.8509,27,-27.4798,82.4454
30.8509,28,-27.7310,82.0131
30.8509,29,-27.9778,81.5783
30.8509,30,-28.2208,81.1413
30.8509,31,-28.4610,80.7028
30.8509,32,-28.6885,80.2865
30.8509,33,-28.7401,80.1934
31.9007,0,-22.6324,87.7804
31.9007,1,-23.0456,87.4988
31.9007,2,-23.4494,87.2042
31.9007,3,-23.8427,86.8955
31.9007,4,-24.2241,86.5723
31.9007,5,-24.5961,86.2383
31.9007,6,-24.9576,85.8930
31.9007,7,-25.3067,85.5350
31.9007,8,-25.6458,85.1677
31.9007,9,-25.9741,84.7906
31.9007,10,-26.2896,84.4027
31.9007,11,-26.5943,84.0064
31.9007,12,-26.8879,83.6017
31.9007,13,-27.1687,83.1880
31.9007,14,-27.4377,82.7667
31.9007,15,-27.6951,82.3380
31.9007,16,-27.9396,81.9019
31.9007,17,-28.1714,81.4590
31.9007,18,-28.3904,81.0095
31.9007,19,-28.5960,80.5538
31.9007,20,-28.7883,80.0923
31.9007,21,-28.9664,79.6251
31.9007,22,-29.1302,79.1528
31.9007,23,-29.2805,78.6759
31.9007,24,-29.4151,78.1944
31.9007,25,-29.5344,77.7089
31.9007,26,-29.6401,77.2203
31.9007,27,-29.7284,76.7282
31.9007,28,-29.8005,76.2335
31.9007,29,-29.8582,75.7368
31.9007,30,-29.8967,75.2384
31.9007,31,-29.9181,74.7389
31.9007,32,-29.9247,74.2390
31.9007,33,-29.9110,73.7392
31.9007,34,-29.8796,73.2403
31.9007,35,-29.8331,72.7425
31.9007,36,-29.7672,72.2470
31.9007,37,-29.7285,72.0389
31.9007,38,-29.6850,71.8437
31.9007,39,-29.6297,71.6515
31.9007,40,-29.5685,71.4612
31.9007,41,-29.5008,71.2730
31.9007,42,-29.4217,71.0893
31.9007,43,-29.3371,70.9082
31.9007,44,-29.2452,70.7306
31.9007,45,-29.2302,70.7016
32.9504,0,-27.9998,81.6981
32.9504,1,-28.2441,81.2619
32.9504,2,-28.4734,80.8178
32.9504,3,-28.6868,80.3656
32.9504,4,-28.8819,79.9053
32.9504,5,-29.0614,79.4388
32.9504,6,-29.2253,78.9665
32.9504,7,-29.3708,78.4881
32.9504,8,-29.5001,78.0053
32.9504,9,-29.6142,77.5185
32.9504,10,-29.7094,77.0277
32.9504,11,-29.7878,76.5340
32.9504,12,-29.8512,76.0380
32.9504,13,-29.8952,75.5400
32.9504,14,-29.9215,75.0408
32.9504,15,-29.9327,74.5410
32.9504,16,-29.9240,74.0411
32.9504,17,-29.8965,73.5420
32.9504,18,-29.8536,73.0439
32.9504,19,-29.7900,72.5480
32.9504,20,-29.7070,72.0550
32.9504,21,-29.6077,71.5651
32.9504,22,-29.4872,71.0798
32.9504,23,-29.3466,70.6001
32.9504,24,-29.1890,70.1257
32.9504,25,-29.0098,69.6590
32.9504,26,-28.8099,69.2008
32.9504,27,-28.5928,68.7506
32.9504,28,-28.3542,68.3113
32.9504,29,-28.0943,67.8843
32.9504,30,-27.8171,67.4683
32.9504,31,-27.5196,67.0666
32.9504,32,-27.2022,66.6803
32.9504,33,-26.8695,66.3073
32.9504,34,-26.5183,65.9516
32.9504,35,-26.1509,65.6126
32.9504,36,-25.9155,65.4038
34.0004,0,-29.5287,71.5616
34.0004,1,-29.4377,71.0701
34.0004,2,-29.3205,70.5843
34.0004,3,-29.1739,70.1063
34.0004,4,-29.0057,69.6357
34.0004,5,-28.8152,69.1735
34.0004,6,-28.5972,68.7238
34.0004,7,-28.3618,68.2829
34.0004,8,-28.1025,67.8554
34.0004,9,-27.8211,67.4424
34.0004,10,-27.5228,67.0413
34.0004,11,-27.2018,66.6579
34.0004,12,-26.8633,66.2901
34.0004,13,-26.5097,65.9367
34.0004,14,-26.1372,65.6032
34.0004,15,-25.7507,65.2863
34.0004,16,-25.3512,64.9857
34.0004,17,-24.9376,64.7051
34.0004,18,-24.5132,64.4409
34.0004,19,-24.0779,64.1950
34.0004,20,-23.6325,63.9682
34.0004,21,-23.1793,63.7571
34.0004,22,-22.7171,63.5667
34.0004,23,-22.2481,63.3934
34.0004,24,-21.7738,63.2354
34.0004,25,-21.2925,63.0998
34.0004,26,-20.8075,62.9786
34.0004,27,-20.3189,62.8726
34.0004,28,-19.8270,62.7832
34.0004,29,-19.3330,62.7068
34.0004,30,-18.8366,62.6469
34.0004,31,-18.3389,62.6007
34.0004,32,-17.8400,62.5691
34.0004,33,-17.3404,62.5534
34.0004,34,-16.8406,62.5491
34.0004,35,-16.3408,62.5577
34.0004,36,-15.8412,62.5741
34.0004,37,-15.3419,62.5977
34.0004,38,-14.8433,62.6349
34.0004,39,-14.3456,62.6820
34.0004,40,-13.8488,62.7382
34.0004,41,-13.3530,62.8026
34.0004,42,-12.8585,62.8761
34.0004,43,-12.3654,62.9589
34.0004,44,-11.8737,63.0497
34.0004,45,-11.3808,63.1309
34.0004,46,-11.1330,63.1861
34.0004,47,-11.0132,63.2166
35.0504,0,-26.9837,66.5536
35.0504,1,-26.6581,66.1742
35.0504,2,-26.3189,65.8071
35.0504,3,-25.9614,65.4577
35.0504,4,-25.5855,65.1283
35.0504,5,-25.1950,64.8164
35.0504,6,-24.7876,64.5268
35.0504,7,-24.3652,64.2596
35.0504,8,-23.9307,64.0127
35.0504,9,-23.4837,63.7888
35.0504,10,-23.0254,63.5892
35.0504,11,-22.5591,63.4095
35.0504,12,-22.0852,63.2504
35.0504,13,-21.6038,63.1155
35.0504,14,-21.1179,62.9978
35.0504,15,-20.6281,62.8979
35.0504,16,-20.1347,62.8175
35.0504,17,-19.6390,62.7523
35.0504,18,-19.1417,62.7011
35.0504,19,-18.6431,62.6649
35.0504,20,-18.1437,62.6410
35.0504,21,-17.6439,62.6277
35.0504,22,-17.1439,62.6255
35.0504,23,-16.6440,62.6326
35.0504,24,-16.1442,62.6473
35.0504,25,-15.6447,62.6700
35.0504,26,-15.1456,62.6990
35.0504,27,-14.6468,62.7331
35.0504,28,-14.1483,62.7724
35.0504,29,-13.6502,62.8154
35.0504,30,-13.1523,62.8613
35.0504,31,-12.6547,62.9098
35.0504,32,-12.1571,62.9596
35.0504,33,-11.6597,63.0101
35.0504,34,-11.1623,63.0605
35.0504,35,-10.6647,63.1099
35.0504,36,-10.1670,63.1577
35.0504,37,-9.6690,63.2025
35.0504,38,-9.1707,63.2437
35.0504,39,-8.6721,63.2806
35.0504,40,-8.1730,63.3113
35.0504,41,-7.6736,63.3351
35.0504,42,-7.1739,63.3513
35.0504,43,-6.6740,63.3598
35.0504,44,-6.6221,63.3605
36.0507,0,-22.4909,63.5750
36.0507,1,-22.0195,63.4084
36.0507,2,-21.5427,63.2581
36.0507,3,-21.0606,63.1259
36.0507,4,-20.5740,63.0110
36.0507,5,-20.0837,62.9129
36.0507,6,-19.5906,62.8306
36.0507,7,-19.0952,62.7629
36.0507,8,-18.5980,62.7106
36.0507,9,-18.0995,62.6711
36.0507,10,-17.6003,62.6445
36.0507,11,-17.1005,62.6287
36.0507,12,-16.6006,62.6243
36.0507,13,-16.1006,62.6294
36.0507,14,-15.6008,62.6424
36.0507,15,-15.1013,62.6637
36.0507,16,-14.6021,62.6918
36.0507,17,-14.1032,62.7254
36.0507,18,-13.6047,62.7639
36.0507,19,-13.1066,62.8068
36.0507,20,-12.6087,62.8529
36.0507,21,-12.1110,62.9011
36.0507,22,-11.6136,62.9512
36.0507,23,-11.1161,63.0020
36.0507,24,-10.6187,63.0527
36.0507,25,-10.1212,63.1026
36.0507,26,-9.6236,63.1507
36.0507,27,-9.1257,63.1966
36.0507,28,-8.6275,63.2393
36.0507,29,-8.1290,63.2775
36.0507,30,-7.6301,63.3110
36.0507,31,-7.1309,63.3392
36.0507,32,-6.6313,63.3598
36.0507,33,-6.1315,63.3733
36.0507,34,-5.6316,63.3792
36.0507,35,-5.1316,63.3748
36.0507,36,-4.6319,63.3600
36.0507,37,-4.1325,63.3352
36.0507,38,-3.6339,63.2985
36.0507,39,-3.1366,63.2476
36.0507,40,-2.6405,63.1864
36.0507,41,-2.1453,63.1173
36.0507,42,-1.6539,63.0253
36.0507,43,-1.1676,62.9107
36.0507,44,-0.6824,62.7905
36.0507,45,-0.2031,62.6493
36.0507,46,0.0811,62.5589
36.0507,47,0.2715,62.4976
36.0507,48,0.4594,62.4293
36.0507,49,0.4988,62.4149
37.1005,0,-15.5626,62.8430
37.1005,1,-15.0638,62.8771
37.1005,2,-14.5650,62.9117
37.1005,3,-14.0662,62.9464
37.1005,4,-13.5674,62.9809
37.1005,5,-13.0685,63.0147
37.1005,6,-12.5696,63.0479
37.1005,7,-12.0707,63.0798
37.1005,8,-11.5716,63.1102
37.1005,9,-11.0724,63.1389
37.1005,10,-10.5731,63.1657
37.1005,11,-10.0737,63.1898
37.1005,12,-9.5742,63.2114
37.1005,13,-9.0745,63.2303
37.1005,14,-8.5748,63.2454
37.1005,15,-8.0749,63.2570
37.1005,16,-7.5750,63.2652
37.1005,17,-7.0750,63.2686
37.1005,18,-6.5750,63.2674
37.1005,19,-6.0750,63.2620
37.1005,20,-5.5752,63.2510
37.1005,21,-5.0755,63.2342
37.1005,22,-4.5760,63.2122
37.1005,23,-4.0768,63.1840
37.1005,24,-3.5780,63.1486
37.1005,25,-3.0798,63.1072
37.1005,26,-2.5821,63.0590
37.1005,27,-2.0854,63.0022
37.1005,28,-1.5895,62.9384
37.1005,29,-1.0945,62.8674
37.1005,30,-0.6012,62.7864
37.1005,31,-0.1091,62.6976
37.1005,32,0.3814,62.6008
37.1005,33,0.8697,62.4936
37.1005,34,1.3560,62.3773
37.1005,35,1.8401,62.2524
37.1005,36,2.3214,62.1170
37.1005,37,2.7997,61.9712
37.1005,38,3.2750,61.8163
37.1005,39,3.7469,61.6511
37.1005,40,4.2147,61.4747
37.1005,41,4.6791,61.2893
37.1005,42,5.1401,61.0957
37.1005,43,5.1729,61.0819
38.1505,0,-5.4098,63.3069
38.1505,1,-4.9105,63.2800
38.1505,2,-4.4117,63.2462
38.1505,3,-3.9135,63.2044
38.1505,4,-3.4160,63.1539
38.1505,5,-2.9194,63.0965
38.1505,6,-2.4237,63.0308
38.1505,7,-1.9291,62.9580
38.1505,8,-1.4355,62.8782
38.1505,9,-0.9433,62.7903
38.1505,10,-0.4523,62.6961
38.1505,11,0.0375,62.5956
38.1505,12,0.5257,62.4873
38.1505,13,1.0125,62.3734
38.1505,14,1.4978,62.2532
38.1505,15,1.9815,62.1266
38.1505,16,2.4637,61.9945
38.1505,17,2.9442,61.8562
38.1505,18,3.4232,61.7126
38.1505,19,3.9005,61.5640
38.1505,20,4.3761,61.4095
38.1505,21,4.8500,61.2503
38.1505,22,5.3225,61.0866
38.1505,23,5.7930,60.9175
38.1505,24,6.2620,60.7442
38.1505,25,6.7294,60.5666
38.1505,26,7.1951,60.3845
38.1505,27,7.6593,60.1987
38.1505,28,8.1218,60.0088
38.1505,29,8.5827,59.8151
38.1505,30,9.0423,59.6181
38.1505,31,9.5001,59.4172
38.1505,32,9.9566,59.2131
38.1505,33,10.4117,59.0060
38.1505,34,10.8652,58.7955
38.1505,35,11.3175,58.5824
38.1505,36,11.7685,58.3665
38.1505,37,12.2181,58.1477
38.1505,38,12.6664,57.9264
38.1505,39,13.1132,57.7019
38.1505,40,13.5585,57.4746
38.1505,41,14.0030,57.2455
38.1505,42,14.4461,57.0140
38.1505,43,14.8884,56.7807
38.1505,44,15.3298,56.5459
38.1505,45,15.6794,56.3580
38.1505,46,15.8023,56.2918
39.2014,0,4.6264,61.2128
39.2014,1,5.0924,61.0317
39.2014,2,5.5597,60.8539
39.2014,3,6.0279,60.6786
39.2014,4,6.4968,60.5050
39.2014,5,6.9662,60.3328
39.2014,6,7.4357,60.1609
39.2014,7,7.9052,59.9889
39.2014,8,8.3743,59.8161
39.2014,9,8.8430,59.6418
39.2014,10,9.3110,59.4658
39.2014,11,9.7780,59.2873
39.2014,12,10.2438,59.1056
39.2014,13,10.7084,58.9208
39.2014,14,11.1712,58.7316
39.2014,15,11.6320,58.5376
39.2014,16,12.0909,58.3390
39.2014,17,12.5470,58.1343
39.2014,18,13.0002,57.9230
39.2014,19,13.4504,57.7056
39.2014,20,13.8966,57.4800
39.2014,21,14.3384,57.2459
39.2014,22,14.7760,57.0040
39.2014,23,15.2078,56.7520
39.2014,24,15.6332,56.4892
39.2014,25,16.0522,56.2166
39.2014,26,16.4637,55.9325
39.2014,27,16.8653,55.6349
39.2014,28,17.2579,55.3253
39.2014,29,17.6408,55.0039
39.2014,30,18.0091,54.6658
39.2014,31,18.3643,54.3141
39.2014,32,18.7061,53.9493
39.2014,33,19.0303,53.5688
39.2014,34,19.3339,53.1716
39.2014,35,19.6186,52.7609
39.2014,36,19.8840,52.3372
39.2014,37,20.1234,51.8984
39.2014,38,20.3387,51.4474
39.2014,39,20.5318,50.9867
39.2014,40,20.6994,50.5160
39.2014,41,20.8169,50.1165
39.2014,42,20.8479,49.9191
39.2014,43,20.8683,49.7203
39.2014,44,20.8753,49.5205
39.2014,45,20.8680,49.3207
39.2014,46,20.8526,49.1215
39.2014,47,20.8248,48.9234
39.2014,48,20.7864,48.7273
39.2014,49,20.7426,48.5321
39.2014,50,20.7408,48.5243
40.2509,0,13.5002,57.6354
40.2509,1,13.9447,57.4069
40.2509,2,14.3864,57.1731
40.2509,3,14.8246,56.9326
40.2509,4,15.2572,56.6818
40.2509,5,15.6855,56.4241
40.2509,6,16.1078,56.1564
40.2509,7,16.5231,55.8781
40.2509,8,16.9319,55.5904
40.2509,9,17.3306,55.2889
40.2509,10,17.7205,54.9763
40.2509,11,18.1004,54.6514
40.2509,12,18.4651,54.3098
40.2509,13,18.8173,53.9553
40.2509,14,19.1527,53.5847
40.2509,15,19.4680,53.1971
40.2509,16,19.7642,52.7947
40.2509,17,20.0342,52.3741
40.2509,18,20.2769,51.9373
40.2509,19,20.4926,51.4866
40.2509,20,20.6723,51.0203
40.2509,21,20.8178,50.5423
40.2509,22,20.9301,50.0556
40.2509,23,21.0004,49.5608
40.2509,24,21.0358,49.0625
40.2509,25,21.0371,48.5630
40.2509,26,20.9975,48.0647
40.2509,27,20.9274,47.5702
40.2509,28,20.8284,47.0802
40.2509,29,20.6960,46.5984
40.2509,30,20.5523,46.1228
40.2509,31,20.5423,46.0894
41.3007,0,18.9019,53.6636
41.3007,1,19.2704,53.3263
41.3007,2,19.6062,52.9569
41.3007,3,19.9051,52.5571
41.3007,4,20.1638,52.1301
41.3007,5,20.3808,51.6801
41.3007,6,20.5545,51.2115
41.3007,7,20.6902,50.7306
41.3007,8,20.7910,50.2413
41.3007,9,20.8584,49.7462
41.3007,10,20.8947,49.2476
41.3007,11,20.9002,48.7478
41.3007,12,20.8811,48.2483
41.3007,13,20.8387,47.7503
41.3007,14,20.7744,47.2545
41.3007,15,20.6877,46.7622
41.3007,16,20.5827,46.2734
41.3007,17,20.4598,45.7889
41.3007,18,20.3198,45.3089
41.3007,19,20.1615,44.8347
41.3007,20,19.9877,44.3660
41.3007,21,19.7980,43.9035
41.3007,22,19.5923,43.4478
41.3007,23,19.3701,42.9999
41.3007,24,19.1328,42.5599
41.3007,25,19.0648,42.4367
42.3506,0,20.6735,49.0351
42.3506,1,20.7276,48.5383
42.3506,2,20.7528,48.0394
42.3506,3,20.7467,47.5397
42.3506,4,20.7094,47.0414
42.3506,5,20.6488,46.5454
42.3506,6,20.5586,46.0537
42.3506,7,20.4443,45.5672
42.3506,8,20.3078,45.0864
42.3506,9,20.1424,44.6146
42.3506,10,19.9566,44.1507
42.3506,11,19.7501,43.6955
42.3506,12,19.5164,43.2536
42.3506,13,19.2644,42.8220
42.3506,14,18.9923,42.4026
42.3506,15,18.6980,41.9986
42.3506,16,18.3870,41.6074
42.3506,17,18.0569,41.2319
42.3506,18,17.7097,40.8723
42.3506,19,17.3485,40.5269
42.3506,20,16.9700,40.2002
42.3506,21,16.5783,39.8898
42.3506,22,16.1746,39.5950
42.3506,23,15.7557,39.3221
42.3506,24,15.3263,39.0664
42.3506,25,14.8862,38.8294
42.3506,26,14.4353,38.6135
42.3506,27,13.9767,38.4148
42.3506,28,13.5093,38.2372
42.3506,29,13.0346,38.0810
42.3506,30,12.7337,37.9907
43.4003,0,19.1769,42.9656
43.4003,1,18.9178,42.5380
43.4003,2,18.6412,42.1217
43.4003,3,18.3445,41.7193
43.4003,4,18.0268,41.3333
43.4003,5,17.6920,40.9621
43.4003,6,17.3387,40.6084
43.4003,7,16.9673,40.2736
43.4003,8,16.5810,39.9564
43.4003,9,16.1797,39.6583
43.4003,10,15.7652,39.3789
43.4003,11,15.3378,39.1194
43.4003,12,14.9003,38.8775
43.4003,13,14.4531,38.6540
43.4003,14,13.9973,38.4486
43.4003,15,13.5344,38.2598
43.4003,16,13.0650,38.0877
43.4003,17,12.5906,37.9299
43.4003,18,12.1111,37.7882
43.4003,19,11.6279,37.6599
43.4003,20,11.1415,37.5441
43.4003,21,10.6523,37.4408
43.4003,22,10.1608,37.3492
43.4003,23,9.6675,37.2679
43.4003,24,9.1726,37.1962
43.4003,25,8.6765,37.1345
43.4003,26,8.1793,37.0811
43.4003,27,7.6815,37.0350
43.4003,28,7.1829,36.9971
43.4003,29,6.6839,36.9657
43.4003,30,6.1846,36.9397
43.4003,31,5.6850,36.9203
43.4003,32,5.1852,36.9056
43.4003,33,4.6853,36.8950
43.4003,34,4.1854,36.8892
43.4003,35,3.6854,36.8867
43.4003,36,3.1854,36.8870
43.4003,37,2.6854,36.8903
43.4003,38,2.1854,36.8954
43.4003,39,1.6855,36.9020
43.4003,40,1.1855,36.9097
43.4003,41,0.6856,36.9177
43.4003,42,0.1857,36.9261
43.4003,43,-0.3143,36.9318
43.4003,44,-0.8143,36.9312
43.4003,45,-1.0311,36.9328
43.4003,46,-1.2311,36.9336
43.4003,47,-1.4311,36.9327
43.4003,48,-1.6311,36.9301
43.4003,49,-1.7888,36.9271
44.4508,0,14.2477,38.7709
44.4508,1,13.7938,38.5614
44.4508,2,13.3343,38.3642
44.4508,3,12.8691,38.1811
44.4508,4,12.3982,38.0132
44.4508,5,11.9231,37.8574
44.4508,6,11.4440,37.7145
44.4508,7,10.9608,37.5860
44.4508,8,10.4748,37.4688
44.4508,9,9.9861,37.3628
44.4508,10,9.4949,37.2698
44.4508,11,9.0018,37.1869
44.4508,12,8.5073,37.1135
44.4508,13,8.0112,37.0512
44.4508,14,7.5141,36.9977
44.4508,15,7.0162,36.9519
44.4508,16,6.5175,36.9152
44.4508,17,6.0184,36.8858
44.4508,18,5.5189,36.8626
44.4508,19,5.0192,36.8464
44.4508,20,4.5193,36.8360
44.4508,21,4.0194,36.8301
44.4508,22,3.5194,36.8296
44.4508,23,3.0194,36.8332
44.4508,24,2.5194,36.8400
44.4508,25,2.0195,36.8505
44.4508,26,1.5197,36.8635
44.4508,27,1.0199,36.8785
44.4508,28,0.5202,36.8954
44.4508,29,0.0205,36.9133
44.4508,30,-0.4791,36.9320
44.4508,31,-0.9788,36.9509
44.4508,32,-1.4784,36.9694
44.4508,33,-1.9781,36.9873
44.4508,34,-2.4778,37.0037
44.4508,35,-2.9776,37.0185
44.4508,36,-3.4774,37.0313
44.4508,37,-3.9773,37.0408
44.4508,38,-4.4773,37.0472
44.4508,39,-4.9773,37.0501
44.4508,40,-5.4773,37.0478
44.4508,41,-5.9772,37.0412
44.4508,42,-6.4771,37.0295
44.4508,43,-6.9767,37.0103
44.4508,44,-7.2342,36.9995
45.5012,0,5.4124,36.9560
45.5012,1,4.9127,36.9398
45.5012,2,4.4129,36.9259
45.5012,3,3.9130,36.9143
45.5012,4,3.4131,36.9053
45.5012,5,2.9132,36.8984
45.5012,6,2.4132,36.8935
45.5012,7,1.9132,36.8906
45.5012,8,1.4132,36.8896
45.5012,9,0.9132,36.8901
45.5012,10,0.4132,36.8922
45.5012,11,-0.0868,36.8960
45.5012,12,-0.5867,36.9009
45.5012,13,-1.0867,36.9070
45.5012,14,-1.5866,36.9143
45.5012,15,-2.0866,36.9225
45.5012,16,-2.5865,36.9315
45.5012,17,-3.0864,36.9412
45.5012,18,-3.5863,36.9515
45.5012,19,-4.0862,36.9623
45.5012,20,-4.5861,36.9734
45.5012,21,-5.0859,36.9847
45.5012,22,-5.5858,36.9961
45.5012,23,-6.0857,37.0075
45.5012,24,-6.5855,37.0188
45.5012,25,-7.0854,37.0297
45.5012,26,-7.5853,37.0402
45.5012,27,-8.0852,37.0503
45.5012,28,-8.5851,37.0597
45.5012,29,-9.0850,37.0682
45.5012,30,-9.5850,37.0760
45.5012,31,-10.0849,37.0827
45.5012,32,-10.5849,37.0882
45.5012,33,-11.0849,37.0926
45.5012,34,-11.5849,37.0957
45.5012,35,-12.0849,37.0971
45.5012,36,-12.5849,37.0970
45.5012,37,-13.0849,37.0953
45.5012,38,-13.5849,37.0915
45.5012,39,-14.0848,37.0859
45.5012,40,-14.5848,37.0785
45.5012,41,-15.0847,37.0689
45.5012,42,-15.2466,37.0659
46.5518,0,-8.4808,37.0402
46.5518,1,-8.9807,37.0397
46.5518,2,-9.4806,37.0405
46.5518,3,-9.9805,37.0426
46.5518,4,-10.4805,37.0462
46.5518,5,-10.9805,37.0501
46.5518,6,-11.4805,37.0546
46.5518,7,-11.9804,37.0593
46.5518,8,-12.4804,37.0636
46.5518,9,-12.9804,37.0676
46.5518,10,-13.4804,37.0706
46.5518,11,-13.9804,37.0726
46.5518,12,-14.4804,37.0730
46.5518,13,-14.9803,37.0717
46.5518,14,-15.4803,37.0686
46.5518,15,-15.9803,37.0627
46.5518,16,-16.4802,37.0545
46.5518,17,-16.9800,37.0433
46.5518,18,-17.4798,37.0286
46.5518,19,-17.9794,37.0107
46.5518,20,-18.4789,36.9885
46.5518,21,-18.9782,36.9624
46.5518,22,-19.4772,36.9321
46.5518,23,-19.9759,36.8958
46.5518,24,-20.4743,36.8554
46.5518,25,-20.9721,36.8095
46.5518,26,-21.4693,36.7567
46.5518,27,-21.9660,36.6990
46.5518,28,-22.4618,36.6344
46.5518,29,-22.9566,36.5625
46.5518,30,-23.4504,36.4843
46.5518,31,-23.9426,36.3968
46.5518,32,-24.4335,36.3019
46.5518,33,-24.9229,36.1997
46.5518,34,-25.4098,36.0867
46.5518,35,-25.8950,35.9666
46.5518,36,-26.3781,35.8384
46.5518,37,-26.8578,35.6986
46.5518,38,-27.1392,35.6061
46.5518,39,-27.3256,35.5335
46.5518,40,-27.5093,35.4545
46.5518,41,-27.6914,35.3719
46.5518,42,-27.8706,35.2831
46.5518,43,-28.0469,35.1888
46.5518,44,-28.2214,35.0911
46.5518,45,-28.3914,34.9857
46.5518,46,-28.4818,34.9296
47.6004,0,-20.6674,36.9139
47.6004,1,-21.1670,36.8937
47.6004,2,-21.6659,36.8636
47.6004,3,-22.1642,36.8221
47.6004,4,-22.6611,36.7676
47.6004,5,-23.1567,36.7022
47.6004,6,-23.6505,36.6237
47.6004,7,-24.1420,36.5321
47.6004,8,-24.6312,36.4291
47.6004,9,-25.1168,36.3103
47.6004,10,-25.5990,36.1781
47.6004,11,-26.0775,36.0333
47.6004,12,-26.5503,35.8709
47.6004,13,-27.0178,35.6938
47.6004,14,-27.4793,35.5016
47.6004,15,-27.9328,35.2912
47.6004,16,-28.3788,35.0655
47.6004,17,-28.8152,34.8216
47.6004,18,-29.2402,34.5584
47.6004,19,-29.6551,34.2797
47.6004,20,-30.0561,33.9812
47.6004,21,-30.4412,33.6626
47.6004,22,-30.8132,33.3287
47.6004,23,-31.1672,32.9758
47.6004,24,-31.5029,32.6055
47.6004,25,-31.8239,32.2223
47.6004,26,-32.1253,31.8235
47.6004,27,-32.4092,31.4120
47.6004,28,-32.6776,30.9903
47.6004,29,-32.9252,30.5560
47.6004,30,-33.1568,30.1130
47.6004,31,-33.3733,29.6624
47.6004,32,-33.5679,29.2019
47.6004,33,-33.7485,28.7358
47.6004,34,-33.9132,28.2638
47.6004,35,-34.0585,27.7854
47.6004,36,-34.1905,27.3033
47.6004,37,-34.3061,26.8169
47.6004,38,-34.4064,26.3271
47.6004,39,-34.4922,25.8347
47.6004,40,-34.5585,25.3391
47.6004,41,-34.6120,24.8421
47.6004,42,-34.6515,24.3437
47.6004,43,-34.6740,23.8443
47.6004,44,-34.6844,23.3445
47.6004,45,-34.6839,23.0813
47.6004,46,-34.6838,23.0244
48.6006,0,-27.7682,35.3497
48.6006,1,-28.2252,35.1471
48.6006,2,-28.6743,34.9276
48.6006,3,-29.1099,34.6823
48.6006,4,-29.5324,34.4153
48.6006,5,-29.9433,34.1304
48.6006,6,-30.3347,33.8194
48.6006,7,-30.7106,33.4901
48.6006,8,-31.0704,33.1430
48.6006,9,-31.4098,32.7760
48.6006,10,-31.7322,32.3940
48.6006,11,-32.0349,31.9961
48.6006,12,-32.3174,31.5837
48.6006,13,-32.5841,31.1609
48.6006,14,-32.8305,30.7258
48.6006,15,-33.0579,30.2807
48.6006,16,-33.2706,29.8282
48.6006,17,-33.4648,29.3675
48.6006,18,-33.6425,28.9003
48.6006,19,-33.8068,28.4280
48.6006,20,-33.9537,27.9501
48.6006,21,-34.0888,27.4688
48.6006,22,-34.2095,26.9836
48.6006,23,-34.3171,26.4954
48.6006,24,-34.4151,26.0051
48.6006,25,-34.4985,25.5121
48.6006,26,-34.5724,25.0176
48.6006,27,-34.6371,24.5218
48.6006,28,-34.6900,24.0247
48.6006,29,-34.7350,23.5267
48.6006,30,-34.7702,23.0280
48.6006,31,-34.7975,22.5287
48.6006,32,-34.8166,22.0291
48.6006,33,-34.8274,21.5292
48.6006,34,-34.8322,21.0293
48.6006,35,-34.8281,20.5293
48.6006,36,-34.8181,20.0294
48.6006,37,-34.8023,19.5297
48.6006,38,-34.7787,19.0302
48.6006,39,-34.7503,18.5310
48.6006,40,-34.7155,18.0323
48.6006,41,-34.6745,17.5340
48.6006,42,-34.6288,17.0361
48.6006,43,-34.5777,16.5387
48.6006,44,-34.5221,16.0418
48.6006,45,-34.4624,15.5454
48.6006,46,-34.4051,15.0989
48.6006,47,-34.3942,15.0121
49.6504,0,-32.5929,30.7709
49.6504,1,-32.8234,30.3274
49.6504,2,-33.0421,29.8779
49.6504,3,-33.2483,29.4224
49.6504,4,-33.4402,28.9608
49.6504,5,-33.6191,28.4940
49.6504,6,-33.7862,28.0228
49.6504,7,-33.9404,27.5472
49.6504,8,-34.0807,27.0673
49.6504,9,-34.2099,26.5844
49.6504,10,-34.3276,26.0985
49.6504,11,-34.4320,25.6095
49.6504,12,-34.5253,25.1183
49.6504,13,-34.6081,24.6253
49.6504,14,-34.6795,24.1305
49.6504,15,-34.7395,23.6341
49.6504,16,-34.7902,23.1367
49.6504,17,-34.8310,22.6384
49.6504,18,-34.8603,22.1393
49.6504,19,-34.8811,21.6398
49.6504,20,-34.8935,21.1400
49.6504,21,-34.8952,20.6400
49.6504,22,-34.8888,20.1401
49.6504,23,-34.8747,19.6404
49.6504,24,-34.8514,19.1409
49.6504,25,-34.8200,18.6419
49.6504,26,-34.7817,18.1434
49.6504,27,-34.7354,17.6456
49.6504,28,-34.6810,17.1486
49.6504,29,-34.6204,16.6523
49.6504,30,-34.5530,16.1568
49.6504,31,-34.4775,15.6626
49.6504,32,-34.3963,15.1692
49.6504,33,-34.3093,14.6769
49.6504,34,-34.2144,14.1860
49.6504,35,-34.1140,13.6962
49.6504,36,-34.0085,13.2075
49.6504,37,-33.8959,12.7205
49.6504,38,-33.7777,12.2347
49.6504,39,-33.6547,11.7502
49.6504,40,-33.5257,11.2672
49.6504,41,-33.4083,10.8489
49.6504,42,-33.3461,10.6588
49.6504,43,-33.2811,10.4697
49.6504,44,-33.2126,10.2818
49.6504,45,-33.1419,10.0947
49.6504,46,-33.0690,9.9085
49.6504,47,-32.9923,9.7238
49.6504,48,-32.9131,9.5401
49.6504,49,-32.8510,9.3989
50.6511,0,-34.6963,23.1617
50.6511,1,-34.7258,22.6626
50.6511,2,-34.7502,22.1632
50.6511,3,-34.7691,21.6636
50.6511,4,-34.7827,21.1639
50.6511,5,-34.7902,20.6639
50.6511,6,-34.7919,20.1640
50.6511,7,-34.7880,19.6640
50.6511,8,-34.7775,19.1641
50.6511,9,-34.7607,18.6644
50.6511,10,-34.7376,18.1650
50.6511,11,-34.7077,17.6659
50.6511,12,-34.6706,17.1672
50.6511,13,-34.6266,16.6692
50.6511,14,-34.5755,16.1718
50.6511,15,-34.5163,15.6754
50.6511,16,-34.4496,15.1799
50.6511,17,-34.3752,14.6855
50.6511,18,-34.2918,14.1925
50.6511,19,-34.2002,13.7010
50.6511,20,-34.1003,13.2112
50.6511,21,-33.9902,12.7235
50.6511,22,-33.8713,12.2379
50.6511,23,-33.7435,11.7545
50.6511,24,-33.6042,11.2744
50.6511,25,-33.4553,10.7971
50.6511,26,-33.2965,10.3231
50.6511,27,-33.1258,9.8531
50.6511,28,-32.9440,9.3874
50.6511,29,-32.7513,8.9261
50.6511,30,-32.5468,8.4698
50.6511,31,-32.3295,8.0196
50.6511,32,-32.1002,7.5753
50.6511,33,-31.8596,7.1371
50.6511,34,-31.6040,6.7074
50.6511,35,-31.3359,6.2856
50.6511,36,-31.0556,5.8717
50.6511,37,-30.7623,5.4670
50.6511,38,-30.4548,5.0732
50.6511,39,-30.1351,4.6893
50.6511,40,-29.8045,4.3148
50.6511,41,-29.5359,4.0371
50.6511,42,-29.3828,3.9085
50.6511,43,-29.2253,3.7854
50.6511,44,-29.0622,3.6696
50.6511,45,-28.8933,3.5627
50.6511,46,-28.7207,3.4617
50.6511,47,-28.5444,3.3673
50.6511,48,-28.3630,3.2832
50.6511,49,-28.2548,3.2338
51.7014,0,-34.1454,13.1680
51.7014,1,-34.0506,12.6771
51.7014,2,-33.9454,12.1884
51.7014,3,-33.8273,11.7026
51.7014,4,-33.6950,11.2205
51.7014,5,-33.5511,10.7417
51.7014,6,-33.3930,10.2674
51.7014,7,-33.2218,9.7977
51.7014,8,-33.0379,9.3328
51.7014,9,-32.8383,8.8744
51.7014,10,-32.6260,8.4218
51.7014,11,-32.4007,7.9755
51.7014,12,-32.1584,7.5382
51.7014,13,-31.9031,7.1084
51.7014,14,-31.6345,6.6868
51.7014,15,-31.3483,6.2768
51.7014,16,-31.0487,5.8767
51.7014,17,-30.7353,5.4872
51.7014,18,-30.4047,5.1121
51.7014,19,-30.0605,4.7497
51.7014,20,-29.7025,4.4007
51.7014,21,-29.3283,4.0693
51.7014,22,-28.9415,3.7527
51.7014,23,-28.5426,3.4513
51.7014,24,-28.1304,3.1685
51.7014,25,-27.7084,2.9005
51.7014,26,-27.2772,2.6475
51.7014,27,-26.8361,2.4123
51.7014,28,-26.3877,2.1913
51.7014,29,-25.9324,1.9847
51.7014,30,-25.4701,1.7943
51.7014,31,-25.0026,1.6172
51.7014,32,-24.5301,1.4538
51.7014,33,-24.0528,1.3050
51.7014,34,-23.5720,1.1682
51.7014,35,-23.0875,1.0447
51.7014,36,-22.6000,0.9336
51.7014,37,-22.1103,0.8330
51.7014,38,-21.6181,0.7453
51.7014,39,-21.1240,0.6688
51.7014,40,-20.6285,0.6022
51.7014,41,-20.1314,0.5484
51.7014,42,-19.6335,0.5040
51.7014,43,-19.1347,0.4692
51.7014,44,-18.6353,0.4450
51.7014,45,-18.4069,0.4352
52.7500,0,-31.7973,7.0170
52.7500,1,-31.5438,6.5861
52.7500,2,-31.2744,6.1651
52.7500,3,-30.9865,5.7565
52.7500,4,-30.6768,5.3640
52.7500,5,-30.3505,4.9854
52.7500,6,-30.0074,4.6220
52.7500,7,-29.6468,4.2758
52.7500,8,-29.2693,3.9480
52.7500,9,-28.8785,3.6364
52.7500,10,-28.4744,3.3422
52.7500,11,-28.0571,3.0668
52.7500,12,-27.6287,2.8094
52.7500,13,-27.1910,2.5678
52.7500,14,-26.7447,2.3426
52.7500,15,-26.2900,2.1348
52.7500,16,-25.8286,1.9422
52.7500,17,-25.3618,1.7633
52.7500,18,-24.8900,1.5980
52.7500,19,-24.4133,1.4472
52.7500,20,-23.9331,1.3079
52.7500,21,-23.4499,1.1796
52.7500,22,-22.9639,1.0623
52.7500,23,-22.4754,0.9556
52.7500,24,-21.9852,0.8573
52.7500,25,-21.4934,0.7673
52.7500,26,-21.0000,0.6861
52.7500,27,-20.5057,0.6116
52.7500,28,-20.0104,0.5432
52.7500,29,-19.5142,0.4813
52.7500,30,-19.0174,0.4246
52.7500,31,-18.5202,0.3724
52.7500,32,-18.0225,0.3246
52.7500,33,-17.5244,0.2805
52.7500,34,-17.0261,0.2393
52.7500,35,-16.5276,0.2006
52.7500,36,-16.0290,0.1641
52.7500,37,-15.5302,0.1289
52.7500,38,-15.0314,0.0946
52.7500,39,-14.5325,0.0608
52.7500,40,-14.0337,0.0269
52.7500,41,-13.5349,-0.0078
52.7500,42,-13.0362,-0.0442
52.7500,43,-12.5378,-0.0832
52.7500,44,-12.0395,-0.1253
52.7500,45,-11.5417,-0.1712
52.7500,46,-11.0442,-0.2215
52.7500,47,-10.7432,-0.2555
52.7500,48,-10.6688,-0.2641
53.7509,0,-27.6353,3.0282
53.7509,1,-27.1956,2.7902
53.7509,2,-26.7504,2.5627
53.7509,3,-26.2995,2.3468
53.7509,4,-25.8420,2.1451
53.7509,5,-25.3803,1.9534
53.7509,6,-24.9141,1.7726
53.7509,7,-24.4430,1.6052
53.7509,8,-23.9687,1.4472
53.7509,9,-23.4911,1.2991
53.7509,10,-23.0100,1.1631
53.7509,11,-22.5265,1.0358
53.7509,12,-22.0408,0.9173
53.7509,13,-21.5526,0.8093
53.7509,14,-21.0628,0.7090
53.7509,15,-20.5715,0.6163
53.7509,16,-20.0785,0.5326
53.7509,17,-19.5846,0.4554
53.7509,18,-19.0896,0.3845
53.7509,19,-18.5937,0.3210
53.7509,20,-18.0971,0.2628
53.7509,21,-17.5999,0.2097
53.7509,22,-17.1022,0.1625
53.7509,23,-16.6040,0.1195
53.7509,24,-16.1056,0.0804
53.7509,25,-15.6067,0.0459
53.7509,26,-15.1077,0.0144
53.7509,27,-14.6086,-0.0140
53.7509,28,-14.1092,-0.0394
53.7509,29,-13.6097,-0.0627
53.7509,30,-13.1102,-0.0841
53.7509,31,-12.6106,-0.1037
53.7509,32,-12.1109,-0.1222
53.7509,33,-11.6112,-0.1398
53.7509,34,-11.1115,-0.1568
53.7509,35,-10.6118,-0.1738
53.7509,36,-10.1121,-0.1910
53.7509,37,-9.6124,-0.2088
53.7509,38,-9.1128,-0.2276
53.7509,39,-8.6132,-0.2478
53.7509,40,-8.1137,-0.2699
53.7509,41,-7.6143,-0.2941
53.7509,42,-7.1150,-0.3208
53.7509,43,-6.6159,-0.3508
53.7509,44,-6.3345,-0.3684
54.8004,0,-20.4180,0.7403
54.8004,1,-19.9257,0.6528
54.8004,2,-19.4327,0.5697
54.8004,3,-18.9390,0.4908
54.8004,4,-18.4445,0.4168
54.8004,5,-17.9494,0.3469
54.8004,6,-17.4538,0.2808
54.8004,7,-16.9576,0.2194
54.8004,8,-16.4609,0.1617
54.8004,9,-15.9638,0.1076
54.8004,10,-15.4663,0.0578
54.8004,11,-14.9685,0.0112
54.8004,12,-14.4704,-0.0319
54.8004,13,-13.9719,-0.0712
54.8004,14,-13.4733,-0.1077
54.8004,15,-12.9744,-0.1409
54.8004,16,-12.4753,-0.1707
54.8004,17,-11.9760,-0.1982
54.8004,18,-11.4766,-0.2224
54.8004,19,-10.9771,-0.2438
54.8004,20,-10.4774,-0.2632
54.8004,21,-9.9777,-0.2795
54.8004,22,-9.4779,-0.2936
54.8004,23,-8.9781,-0.3058
54.8004,24,-8.4782,-0.3154
54.8004,25,-7.9782,-0.3232
54.8004,26,-7.4783,-0.3292
54.8004,27,-6.9783,-0.3330
54.8004,28,-6.4783,-0.3355
54.8004,29,-5.9783,-0.3364
54.8004,30,-5.4783,-0.3355
54.8004,31,-4.9783,-0.3335
54.8004,32,-4.4783,-0.3303
54.8004,33,-3.9783,-0.3258
54.8004,34,-3.4783,-0.3204
54.8004,35,-2.9784,-0.3140
54.8004,36,-2.4784,-0.3068
54.8004,37,-1.9785,-0.2987
54.8004,38,-1.4786,-0.2899
54.8004,39,-0.9787,-0.2805
54.8004,40,-0.4788,-0.2707
54.8004,41,0.0211,-0.2606
54.8004,42,0.5210,-0.2502
54.8004,43,1.0209,-0.2397
54.8004,44,1.5208,-0.2292
54.8004,45,1.6177,-0.2271
55.8499,0,-9.7833,-0.2910
55.8499,1,-9.2834,-0.3025
55.8499,2,-8.7835,-0.3127
55.8499,3,-8.2836,-0.3213
55.8499,4,-7.7837,-0.3281
55.8499,5,-7.2837,-0.3337
55.8499,6,-6.7837,-0.3378
55.8499,7,-6.2837,-0.3403
55.8499,8,-5.7837,-0.3417
55.8499,9,-5.2837,-0.3414
55.8499,10,-4.7837,-0.3399
55.8499,11,-4.2837,-0.3372
55.8499,12,-3.7837,-0.3330
55.8499,13,-3.2838,-0.3277
55.8499,14,-2.7838,-0.3212
55.8499,15,-2.2839,-0.3134
55.8499,16,-1.7839,-0.3046
55.8499,17,-1.2840,-0.2945
55.8499,18,-0.7842,-0.2834
55.8499,19,-0.2843,-0.2713
55.8499,20,0.2155,-0.2580
55.8499,21,0.7153,-0.2438
55.8499,22,1.2151,-0.2286
55.8499,23,1.7148,-0.2123
55.8499,24,2.2145,-0.1953
55.8499,25,2.7142,-0.1774
55.8499,26,3.2138,-0.1585
55.8499,27,3.7135,-0.1389
55.8499,28,4.2130,-0.1184
55.8499,29,4.7126,-0.0972
55.8499,30,5.2121,-0.0753
55.8499,31,5.7116,-0.0526
55.8499,32,6.2110,-0.0293
55.8499,33,6.7105,-0.0053
55.8499,34,7.2099,0.0194
55.8499,35,7.7092,0.0445
55.8499,36,8.2086,0.0703
55.8499,37,8.7079,0.0966
55.8499,38,9.2071,0.1235
55.8499,39,9.7064,0.1516
55.8499,40,10.2055,0.1803
55.8499,41,10.7047,0.2096
55.8499,42,11.2038,0.2392
55.8499,43,11.7029,0.2694
55.8499,44,12.2019,0.3000
55.8499,45,12.4501,0.3153
55.8499,46,12.6293,0.3264
56.8507,0,3.0956,-0.1755
56.8507,1,3.5953,-0.1585
56.8507,2,4.0950,-0.1406
56.8507,3,4.5946,-0.1216
56.8507,4,5.0942,-0.1013
56.8507,5,5.5937,-0.0800
56.8507,6,6.0932,-0.0575
56.8507,7,6.5927,-0.0337
56.8507,8,7.0920,-0.0088
56.8507,9,7.5914,0.0174
56.8507,10,8.0906,0.0450
56.8507,11,8.5898,0.0739
56.8507,12,9.0888,0.1040
56.8507,13,9.5878,0.1357
56.8507,14,10.0868,0.1687
56.8507,15,10.5856,0.2031
56.8507,16,11.0843,0.2390
56.8507,17,11.5829,0.2764
56.8507,18,12.0814,0.3153
56.8507,19,12.5797,0.3558
56.8507,20,13.0779,0.3978
56.8507,21,13.5760,0.4414
56.8507,22,14.0740,0.4868
56.8507,23,14.5718,0.5336
56.8507,24,15.0694,0.5822
56.8507,25,15.5669,0.6326
56.8507,26,16.0642,0.6846
56.8507,27,16.5612,0.7385
56.8507,28,17.0581,0.7942
56.8507,29,17.5548,0.8515
56.8507,30,18.0513,0.9110
56.8507,31,18.5475,0.9723
56.8507,32,19.0435,1.0351
56.8507,33,19.5393,1.1004
56.8507,34,20.0347,1.1675
56.8507,35,20.5300,1.2362
56.8507,36,21.0249,1.3071
56.8507,37,21.5197,1.3792
56.8507,38,22.0142,1.4534
56.8507,39,22.5082,1.5304
56.8507,40,23.0020,1.6086
56.8507,41,23.4956,1.6889
56.8507,42,23.9888,1.7710
56.8507,43,24.3178,1.8266
56.8507,44,24.5149,1.8603
56.8507,45,24.5602,1.8681
57.9002,0,16.8356,0.7607
57.9002,1,17.3311,0.8274
57.9002,2,17.8266,0.8944
57.9002,3,18.3220,0.9617
57.9002,4,18.8174,1.0292
57.9002,5,19.3128,1.0972
57.9002,6,19.8081,1.1655
57.9002,7,20.3033,1.2343
57.9002,8,20.7985,1.3037
57.9002,9,21.2936,1.3736
57.9002,10,21.7886,1.4441
57.9002,11,22.2835,1.5154
57.9002,12,22.7783,1.5875
57.9002,13,23.2729,1.6602
57.9002,14,23.7675,1.7339
57.9002,15,24.2619,1.8084
57.9002,16,24.7562,1.8839
57.9002,17,25.2503,1.9604
57.9002,18,25.7442,2.0380
57.9002,19,26.2380,2.1166
57.9002,20,26.7316,2.1964
57.9002,21,27.2249,2.2776
57.9002,22,27.7181,2.3599
57.9002,23,28.2111,2.4434
57.9002,24,28.7038,2.5286
57.9002,25,29.1963,2.6151
57.9002,26,29.6885,2.7029
57.9002,27,30.1804,2.7925
57.9002,28,30.6720,2.8836
57.9002,29,31.1634,2.9762
57.9002,30,31.6544,3.0706
57.9002,31,32.1450,3.1669
57.9002,32,32.6353,3.2648
57.9002,33,33.1253,3.3646
57.9002,34,33.6147,3.4667
57.9002,35,34.1038,3.5705
57.9002,36,34.5925,3.6764
57.9002,37,35.0807,3.7845
57.9002,38,35.5684,3.8946
57.9002,39,36.0556,4.0070
57.9002,40,36.5423,4.1215
57.9002,41,36.8967,4.2073
57.9002,42,37.0905,4.2567
57.9002,43,37.2840,4.3072
57.9002,44,37.4771,4.3593
57.9002,45,37.6700,4.4124
57.9002,46,37.8625,4.4665
57.9002,47,38.0545,4.5224
57.9002,48,38.2462,4.5794
57.9002,49,38.4062,4.6277
58.9006,0,29.1990,2.6085
58.9006,1,29.6906,2.6997
58.9006,2,30.1820,2.7923
58.9006,3,30.6731,2.8864
58.9006,4,31.1638,2.9822
58.9006,5,31.6542,3.0797
58.9006,6,32.1443,3.1788
58.9006,7,32.6340,3.2796
58.9006,8,33.1233,3.3824
58.9006,9,33.6122,3.4870
58.9006,10,34.1008,3.5934
58.9006,11,34.5889,3.7016
58.9006,12,35.0766,3.8120
58.9006,13,35.5638,3.9242
58.9006,14,36.0506,4.0383
58.9006,15,36.5369,4.1545
58.9006,16,37.0227,4.2727
58.9006,17,37.5081,4.3930
58.9006,18,37.9929,4.5152
58.9006,19,38.4772,4.6397
58.9006,20,38.9609,4.7661
58.9006,21,39.4441,4.8946
58.9006,22,39.9267,5.0254
58.9006,23,40.4088,5.1581
58.9006,24,40.8902,5.2931
58.9006,25,41.3708,5.4307
58.9006,26,41.8504,5.5722
58.9006,27,42.3284,5.7186
58.9006,28,42.8046,5.8709
58.9006,29,43.2781,6.0316
58.9006,30,43.7482,6.2017
58.9006,31,44.2145,6.3820
58.9006,32,44.6756,6.5752
58.9006,33,45.1298,6.7841
58.9006,34,45.5758,7.0100
58.9006,35,46.0133,7.2520
58.9006,36,46.4374,7.5167
58.9006,37,46.8456,7.8049
58.9006,38,47.2359,8.1166
58.9006,39,47.5914,8.4679
58.9006,40,47.8864,8.8705
58.9006,41,48.1170,9.3116
58.9006,42,48.2955,9.7751
58.9006,43,48.4666,10.2431
58.9006,44,48.5604,10.7276
58.9006,45,48.5999,10.9234
58.9006,46,48.6268,11.1213
58.9006,47,48.6387,11.3209
58.9006,48,48.6414,11.3676
59.9499,0,39.4991,4.9723
59.9499,1,39.9752,5.1248
59.9499,2,40.4540,5.2687
59.9499,3,40.9346,5.4067
59.9499,4,41.4163,5.5408
59.9499,5,41.8981,5.6744
59.9499,6,42.3794,5.8097
59.9499,7,42.8596,5.9490
59.9499,8,43.3378,6.0950
59.9499,9,43.8136,6.2487
59.9499,10,44.2853,6.4144
59.9499,11,44.7521,6.5933
59.9499,12,45.2128,6.7872
59.9499,13,45.6636,7.0034
59.9499,14,46.1029,7.2417
59.9499,15,46.5273,7.5051
59.9499,16,46.9300,7.8011
59.9499,17,47.3041,8.1321
59.9499,18,47.6455,8.4962
59.9499,19,47.9462,8.8945
59.9499,20,48.1997,9.3252
59.9499,21,48.4118,9.7773
59.9499,22,48.5880,10.2447
59.9499,23,48.7317,10.7234
59.9499,24,48.8435,11.2107
59.9499,25,48.9344,11.7021
59.9499,26,49.0067,12.1968
59.9499,27,49.0607,12.6939
59.9499,28,49.1032,13.1920
59.9499,29,49.1362,13.6909
59.9499,30,49.1606,14.1903
59.9499,31,49.1809,14.6899
59.9499,32,49.1986,15.1895
59.9499,33,49.2165,15.6892
59.9499,34,49.2373,16.1888
59.9499,35,49.2625,16.6881
59.9499,36,49.2936,17.1871
59.9499,37,49.3278,17.6860
59.9499,38,49.3632,18.1847
59.9499,39,49.3980,18.6835
59.9499,40,49.4300,19.1825
59.9499,41,49.4571,19.6817
59.9499,42,49.4786,20.1755
59.9499,43,49.4802,20.2031
60.9507,0,45.6802,6.9824
60.9507,1,46.1214,7.2171
60.9507,2,46.5434,7.4835
60.9507,3,46.9375,7.7906
60.9507,4,47.2972,8.1369
60.9507,5,47.6255,8.5128
60.9507,6,47.9159,8.9195
60.9507,7,48.1656,9.3521
60.9507,8,48.3830,9.8018
60.9507,9,48.5677,10.2662
60.9507,10,48.7180,10.7429
60.9507,11,48.8448,11.2263
60.9507,12,48.9485,11.7154
60.9507,13,49.0300,12.2086
60.9507,14,49.0971,12.7040
60.9507,15,49.1486,13.2013
60.9507,16,49.1888,13.6996
60.9507,17,49.2209,14.1986
60.9507,18,49.2440,14.6980
60.9507,19,49.2630,15.1976
60.9507,20,49.2785,15.6974
60.9507,21,49.2929,16.1972
60.9507,22,49.3071,16.6970
60.9507,23,49.3222,17.1968
60.9507,24,49.3379,17.6965
60.9507,25,49.3540,18.1963
60.9507,26,49.3707,18.6960
60.9507,27,49.3873,19.1957
60.9507,28,49.4039,19.6954
60.9507,29,49.4201,20.1952
60.9507,30,49.4358,20.6949
60.9507,31,49.4508,21.1947
60.9507,32,49.4646,21.6945
60.9507,33,49.4774,22.1943
60.9507,34,49.4887,22.6942
60.9507,35,49.4982,23.1941
60.9507,36,49.5062,23.6940
60.9507,37,49.5118,24.1940
60.9507,38,49.5153,24.6940
60.9507,39,49.5167,25.1940
60.9507,40,49.5149,25.6940
60.9507,41,49.5106,26.1940
60.9507,42,49.5037,26.6939
60.9507,43,49.4932,27.1938
60.9507,44,49.4799,27.6936
60.9507,45,49.4635,28.1933
60.9507,46,49.4603,28.2850
62.0000,0,48.7314,12.1770
62.0000,1,48.8167,12.6696
62.0000,2,48.8966,13.1632
62.0000,3,48.9709,13.6576
62.0000,4,49.0394,14.1529
62.0000,5,49.1027,14.6488
62.0000,6,49.1609,15.1454
62.0000,7,49.2143,15.6426
62.0000,8,49.2624,16.1402
62.0000,9,49.3062,16.6383
62.0000,10,49.3456,17.1367
62.0000,11,49.3805,17.6355
62.0000,12,49.4115,18.1346
62.0000,13,49.4384,18.6338
62.0000,14,49.4619,19.1333
62.0000,15,49.4815,19.6329
62.0000,16,49.4978,20.1326
62.0000,17,49.5112,20.6324
62.0000,18,49.5212,21.1323
62.0000,19,49.5285,21.6323
62.0000,20,49.5332,22.1323
62.0000,21,49.5354,22.6322
62.0000,22,49.5351,23.1322
62.0000,23,49.5328,23.6322
62.0000,24,49.5287,24.1322
62.0000,25,49.5225,24.6322
62.0000,26,49.5148,25.1321
62.0000,27,49.5057,25.6320
62.0000,28,49.4952,26.1319
62.0000,29,49.4835,26.6318
62.0000,30,49.4710,27.1316
62.0000,31,49.4577,27.6314
62.0000,32,49.4437,28.1312
62.0000,33,49.4293,28.6310
62.0000,34,49.4146,29.1308
62.0000,35,49.3998,29.6306
62.0000,36,49.3850,30.1304
62.0000,37,49.3706,30.6302
62.0000,38,49.3564,31.1300
62.0000,39,49.3429,31.6298
62.0000,40,49.3297,32.1296
62.0000,41,49.3146,32.6294
62.0000,42,49.2993,33.1291
62.0000,43,49.2855,33.6289
62.0000,44,49.2720,34.1287
62.0000,45,49.2591,34.6286
62.0000,46,49.2510,34.9622
62.0000,47,49.2455,35.1621
62.0000,48,49.2406,35.3621
62.0000,49,49.2389,35.4307
63.0005,0,49.5006,21.6401
63.0005,1,49.5035,22.1401
63.0005,2,49.5054,22.6401
63.0005,3,49.5063,23.1401
63.0005,4,49.5060,23.6401
63.0005,5,49.5047,24.1401
63.0005,6,49.5024,24.6401
63.0005,7,49.4989,25.1401
63.0005,8,49.4946,25.6401
63.0005,9,49.4891,26.1401
63.0005,10,49.4826,26.6400
63.0005,11,49.4754,27.1400
63.0005,12,49.4669,27.6399
63.0005,13,49.4576,28.1398
63.0005,14,49.4475,28.6397
63.0005,15,49.4363,29.1396
63.0005,16,49.4244,29.6394
63.0005,17,49.4115,30.1393
63.0005,18,49.3977,30.6391
63.0005,19,49.3832,31.1389
63.0005,20,49.3678,31.6386
63.0005,21,49.3516,32.1384
63.0005,22,49.3347,32.6381
63.0005,23,49.3168,33.1378
63.0005,24,49.2983,33.6374
63.0005,25,49.2791,34.1370
63.0005,26,49.2590,34.6366
63.0005,27,49.2383,35.1362
63.0005,28,49.2169,35.6358
63.0005,29,49.1947,36.1353
63.0005,30,49.1720,36.6347
63.0005,31,49.1485,37.1342
63.0005,32,49.1245,37.6336
63.0005,33,49.0998,38.1330
63.0005,34,49.0745,38.6324
63.0005,35,49.0487,39.1317
63.0005,36,49.0223,39.6310
63.0005,37,48.9952,40.1303
63.0005,38,48.9675,40.6295
63.0005,39,48.9390,41.1287
63.0005,40,48.9098,41.6278
63.0005,41,48.8802,42.1270
63.0005,42,48.8501,42.6260
63.0005,43,48.8195,43.1251
63.0005,44,48.7954,43.5135
63.0005,45,48.7828,43.7131
63.0005,46,48.7778,43.7911
64.0011,0,49.2344,35.4870
64.0011,1,49.2102,35.9864
64.0011,2,49.1856,36.4858
64.0011,3,49.1608,36.9852
64.0011,4,49.1355,37.4845
64.0011,5,49.1099,37.9839
64.0011,6,49.0838,38.4832
64.0011,7,49.0574,38.9825
64.0011,8,49.0305,39.4818
64.0011,9,49.0031,39.9810
64.0011,10,48.9754,40.4802
64.0011,11,48.9470,40.9794
64.0011,12,48.9182,41.4786
64.0011,13,48.8889,41.9777
64.0011,14,48.8590,42.4769
64.0011,15,48.8285,42.9759
64.0011,16,48.7976,43.4750
64.0011,17,48.7659,43.9740
64.0011,18,48.7337,44.4729
64.0011,19,48.7009,44.9718
64.0011,20,48.6674,45.4707
64.0011,21,48.6331,45.9695
64.0011,22,48.5983,46.4683
64.0011,23,48.5628,46.9671
64.0011,24,48.5265,47.4657
64.0011,25,48.4895,47.9644
64.0011,26,48.4517,48.4629
64.0011,27,48.4131,48.9615
64.0011,28,48.3738,49.4599
64.0011,29,48.3337,49.9583
64.0011,30,48.2927,50.4566
64.0011,31,48.2509,50.9549
64.0011,32,48.2082,51.4530
64.0011,33,48.1647,51.9511
64.0011,34,48.1202,52.4492
64.0011,35,48.0747,52.9471
64.0011,36,48.0282,53.4449
64.0011,37,47.9808,53.9427
64.0011,38,47.9323,54.4403
64.0011,39,47.8829,54.9379
64.0011,40,47.8325,55.4353
64.0011,41,47.7810,55.9327
64.0011,42,47.7655,56.0810
65.0509,0,48.2109,51.4636
65.0509,1,48.1634,51.9613
65.0509,2,48.1160,52.4591
65.0509,3,48.0688,52.9568
65.0509,4,48.0214,53.4546
65.0509,5,47.9739,53.9523
65.0509,6,47.9259,54.4500
65.0509,7,47.8775,54.9477
65.0509,8,47.8284,55.4452
65.0509,9,47.7784,55.9427
65.0509,10,47.7276,56.4401
65.0509,11,47.6755,56.9374
65.0509,12,47.6222,57.4346
65.0509,13,47.5675,57.9316
65.0509,14,47.5112,58.4284
65.0509,15,47.4532,58.9250
65.0509,16,47.3933,59.4214
65.0509,17,47.3314,59.9176
65.0509,18,47.2672,60.4134
65.0509,19,47.2008,60.9090
65.0509,20,47.1321,61.4043
65.0509,21,47.0604,61.8991
65.0509,22,46.9860,62.3935
65.0509,23,46.9091,62.8876
65.0509,24,46.8285,63.3810
65.0509,25,46.7448,63.8740
65.0509,26,46.6582,64.3664
65.0509,27,46.5675,64.8581
65.0509,28,46.4730,65.3491
65.0509,29,46.3752,65.8394
65.0509,30,46.2733,66.3289
65.0509,31,46.1668,66.8175
65.0509,32,46.0565,67.3051
65.0509,33,45.9420,67.7919
65.0509,34,45.8217,68.2772
65.0509,35,45.6961,68.7611
65.0509,36,45.5654,69.2437
65.0509,37,45.4288,69.7247
65.0509,38,45.2876,70.2043
65.0509,39,45.1414,70.6825
65.0509,40,44.9893,71.1588
65.0509,41,44.8678,71.5262
65.0509,42,44.8223,71.6616
66.1006,0,46.3721,65.9839
66.1006,1,46.2674,66.4728
66.1006,2,46.1594,66.9610
66.1006,3,46.0480,67.4484
66.1006,4,45.9323,67.9349
66.1006,5,45.8120,68.4202
66.1006,6,45.6875,68.9044
66.1006,7,45.5574,69.3872
66.1006,8,45.4218,69.8684
66.1006,9,45.2814,70.3483
66.1006,10,45.1336,70.8259
66.1006,11,44.9797,71.3017
66.1006,12,44.8197,71.7753
66.1006,13,44.6510,72.2460
66.1006,14,44.4756,72.7142
66.1006,15,44.2917,73.1792
66.1006,16,44.0985,73.6403
66.1006,17,43.8976,74.0981
66.1006,18,43.6853,74.5508
66.1006,19,43.4632,74.9987
66.1006,20,43.2317,75.4418
66.1006,21,42.9860,75.8773
66.1006,22,42.7300,76.3067
66.1006,23,42.4620,76.7287
66.1006,24,42.1781,77.1402
66.1006,25,41.8823,77.5432
66.1006,26,41.5723,77.9354
66.1006,27,41.2449,78.3132
66.1006,28,40.9040,78.6787
66.1006,29,40.5477,79.0293
66.1006,30,40.1727,79.3600
66.1006,31,39.7839,79.6739
66.1006,32,39.3801,79.9686
66.1006,33,38.9584,80.2370
66.1006,34,38.5242,80.4844
66.1006,35,38.0772,80.7078
66.1006,36,37.6156,80.8997
66.1006,37,37.1431,81.0620
66.1006,38,36.6610,81.1929
66.1006,39,36.1708,81.2907
66.1006,40,35.6764,81.3633
66.1006,41,35.1789,81.4114
66.1006,42,34.6793,81.4278
66.1006,43,34.1795,81.4248
66.1006,44,33.9147,81.4124
66.1006,45,33.8466,81.4090
67.1504,0,43.2499,75.5023
67.1504,1,43.0360,75.9541
67.1504,2,42.8019,76.3956
67.1504,3,42.5472,76.8255
67.1504,4,42.2694,77.2410
67.1504,5,41.9697,77.6411
67.1504,6,41.6519,78.0268
67.1504,7,41.3154,78.3963
67.1504,8,40.9589,78.7468
67.1504,9,40.5853,79.0788
67.1504,10,40.1965,79.3929
67.1504,11,39.7929,79.6878
67.1504,12,39.3741,79.9609
67.1504,13,38.9425,80.2128
67.1504,14,38.4996,80.4444
67.1504,15,38.0462,80.6550
67.1504,16,37.5826,80.8418
67.1504,17,37.1101,81.0051
67.1504,18,36.6308,81.1467
67.1504,19,36.1454,81.2660
67.1504,20,35.6544,81.3599
67.1504,21,35.1593,81.4287
67.1504,22,34.6616,81.4752
67.1504,23,34.1623,81.4981
67.1504,24,33.6624,81.4946
67.1504,25,33.1634,81.4659
67.1504,26,32.6663,81.4143
67.1504,27,32.1724,81.3379
67.1504,28,31.6831,81.2351
67.1504,29,31.1994,81.1092
67.1504,30,30.7224,80.9602
67.1504,31,30.2531,80.7880
67.1504,32,29.7923,80.5941
67.1504,33,29.6703,80.5418
68.1506,0,38.6721,80.2963
68.1506,1,38.2444,80.5550
68.1506,2,37.8011,80.7852
68.1506,3,37.3427,80.9837
68.1506,4,36.8701,81.1464
68.1506,5,36.3873,81.2753
68.1506,6,35.8975,81.3742
68.1506,7,35.4025,81.4435
68.1506,8,34.9039,81.4795
68.1506,9,34.4043,81.4902
68.1506,10,33.9046,81.4772
68.1506,11,33.4061,81.4395
68.1506,12,32.9099,81.3791
68.1506,13,32.4163,81.3005
68.1506,14,31.9257,81.2042
68.1506,15,31.4393,81.0883
68.1506,16,30.9565,80.9586
68.1506,17,30.4776,80.8153
68.1506,18,30.0035,80.6565
68.1506,19,29.5334,80.4862
68.1506,20,29.0675,80.3049
68.1506,21,28.6064,80.1115
68.1506,22,28.1497,79.9082
68.1506,23,27.6972,79.6956
68.1506,24,27.2493,79.4734
68.1506,25,26.8062,79.2418
68.1506,26,26.3672,79.0025
68.1506,27,26.0512,78.8261
69.2009,0,32.3389,81.1329
69.2009,1,31.8439,81.0626
69.2009,2,31.3513,80.9774
69.2009,3,30.8614,80.8774
69.2009,4,30.3749,80.7622
69.2009,5,29.8924,80.6317
69.2009,6,29.4143,80.4854
69.2009,7,28.9415,80.3230
69.2009,8,28.4747,80.1440
69.2009,9,28.0151,79.9470
69.2009,10,27.5643,79.7308
69.2009,11,27.1227,79.4965
69.2009,12,26.6914,79.2438
69.2009,13,26.2718,78.9723
69.2009,14,25.8651,78.6816
69.2009,15,25.4730,78.3717
69.2009,16,25.0969,78.0425
69.2009,17,24.7383,77.6941
69.2009,18,24.4003,77.3257
69.2009,19,24.0849,76.9378
69.2009,20,23.7920,76.5327
69.2009,21,23.5227,76.1118
69.2009,22,23.3901,75.8932
69.2009,23,23.3901,75.8932
69.2009,24,23.3901,75.8932
69.2009,25,23.3901,75.8932
69.2009,26,23.3901,75.8932
69.2009,27,23.3901,75.8932
69.2009,28,23.3901,75.8932
69.2009,29,23.3901,75.8932
69.2009,30,23.3901,75.8932
69.2009,31,23.3901,75.8932
69.2009,32,23.3901,75.8932
69.2009,33,23.3901,75.8932
69.2009,34,23.3901,75.8932
69.2009,35,23.3901,75.8932
69.2009,36,23.3901,75.8932
69.2009,37,23.3901,75.8932
69.2009,38,23.3901,75.8932
69.2009,39,23.3901,75.8932
69.2009,40,23.3901,75.8932
69.2009,41,23.3901,75.8932
69.2009,42,23.3901,75.8932
69.2009,43,23.3901,75.8932
69.2009,44,23.3901,75.8932
69.2009,45,23.3901,75.8932
69.2009,46,23.3901,75.8932
69.2009,47,23.3901,75.8932
69.2009,48,23.3901,75.8932
69.2009,49,23.3901,75.8932
69.2009,50,23.3901,75.8932
70.2508,0,25.7287,78.5787
70.2508,1,25.2912,78.3369
70.2508,2,24.8733,78.0644
70.2508,3,24.4929,77.7405
70.2508,4,24.1467,77.3818
70.2508,5,23.8484,76.9818
70.2508,6,23.6069,76.5451
70.2508,7,23.4118,76.0861
70.2508,8,23.2695,75.6073
70.2508,9,23.1786,75.1161
70.2508,10,23.1230,74.6197
70.2508,11,23.1026,74.1203
70.2508,12,23.1144,73.6207
70.2508,13,23.1468,73.1220
70.2508,14,23.1998,72.6251
70.2508,15,23.2683,72.1302
70.2508,16,23.3469,71.6367
70.2508,17,23.4342,71.1448
70.2508,18,23.5230,70.6530
70.2508,19,23.6119,70.1612
70.2508,20,23.6905,69.6674
70.2508,21,23.7585,69.1723
70.2508,22,23.8114,68.6753
70.2508,23,23.8348,68.1775
70.2508,24,23.8363,67.6803
70.2508,25,23.8079,67.1850
70.2508,26,23.7518,66.6937
70.2508,27,23.6727,66.2049
70.2508,28,23.5653,65.7216
70.2508,29,23.4375,65.2420
70.2508,30,23.2851,64.7683
70.2508,31,23.1118,64.3004
70.2508,32,22.9214,63.8384
70.2508,33,22.7135,63.3840
70.2508,34,22.4975,62.9349
70.2508,35,22.2736,62.4930
70.2508,36,22.0534,62.0559
70.2508,37,21.8501,61.6248
70.2508,38,21.6725,61.2013
70.2508,39,21.5333,60.7860
70.2508,40,21.4536,60.3695
70.2508,41,21.4774,59.9537
70.2508,42,21.7008,59.5509
70.2508,43,22.1007,59.2635
70.2508,44,22.5605,59.0727
70.2508,45,23.0354,58.9203
70.2508,46,23.4551,58.8347
70.2508,47,23.7536,58.8047
70.2508,48,23.9814,58.7832
71.3001,0,23.1865,73.8538
71.3001,1,23.1247,73.3576
71.3001,2,23.0826,72.8596
71.3001,3,23.0653,72.3600
71.3001,4,23.0725,71.8602
71.3001,5,23.1048,71.3614
71.3001,6,23.1647,70.8651
71.3001,7,23.2488,70.3724
71.3001,8,23.3589,69.8848
71.3001,9,23.4963,69.4041
71.3001,10,23.6570,68.9309
71.3001,11,23.8424,68.4667
71.3001,12,24.0512,68.0124
71.3001,13,24.2816,67.5688
71.3001,14,24.5329,67.1367
71.3001,15,24.8027,66.7158
71.3001,16,25.0913,66.3076
71.3001,17,25.3963,65.9115
71.3001,18,25.7152,65.5265
71.3001,19,26.0495,65.1547
71.3001,20,26.3963,64.7946
71.3001,21,26.7534,64.4447
71.3001,22,27.1225,64.1074
71.3001,23,27.5011,63.7809
71.3001,24,27.8874,63.4635
71.3001,25,28.2828,63.1575
71.3001,26,28.6853,62.8609
71.3001,27,29.0937,62.5725
71.3001,28,29.5092,62.2944
71.3001,29,29.9297,62.0240
71.3001,30,30.3551,61.7613
71.3001,31,30.7859,61.5075
71.3001,32,31.2204,61.2600
71.3001,33,31.6588,61.0198
71.3001,34,32.1014,60.7871
71.3001,35,32.5468,60.5599
71.3001,36,32.9956,60.3395
71.3001,37,33.4473,60.1252
71.3001,38,33.9013,59.9156
71.3001,39,34.3581,59.7125
71.3001,40,34.8172,59.5143
71.3001,41,35.2780,59.3204
71.3001,42,35.7411,59.1319
71.3001,43,36.2059,58.9476
71.3001,44,36.5565,58.8103
72.3004,0,23.9886,68.4384
72.3004,1,24.1701,67.9726
72.3004,2,24.3707,67.5148
72.3004,3,24.5929,67.0671
72.3004,4,24.8409,66.6330
72.3004,5,25.1088,66.2111
72.3004,6,25.3962,65.8022
72.3004,7,25.7039,65.4082
72.3004,8,26.0311,65.0303
72.3004,9,26.3736,64.6662
72.3004,10,26.7310,64.3167
72.3004,11,27.1033,63.9830
72.3004,12,27.4879,63.6637
72.3004,13,27.8827,63.3570
72.3004,14,28.2869,63.0628
72.3004,15,28.7005,62.7820
72.3004,16,29.1211,62.5116
72.3004,17,29.5476,62.2508
72.3004,18,29.9798,61.9994
72.3004,19,30.4170,61.7569
72.3004,20,30.8578,61.5209
72.3004,21,31.3019,61.2911
72.3004,22,31.7490,61.0673
72.3004,23,32.1981,60.8476
72.3004,24,32.6489,60.6314
72.3004,25,33.1011,60.4180
72.3004,26,33.5541,60.2063
72.3004,27,34.0074,59.9954
72.3004,28,34.4608,59.7846
72.3004,29,34.9137,59.5727
72.3004,30,35.3658,59.3591
72.3004,31,35.8167,59.1430
72.3004,32,36.2656,58.9230
72.3004,33,36.7123,58.6983
72.3004,34,37.1563,58.4684
72.3004,35,37.5968,58.2319
72.3004,36,38.0329,57.9873
72.3004,37,38.4642,57.7344
72.3004,38,38.8899,57.4723
72.3004,39,39.3085,57.1989
72.3004,40,39.7196,56.9143
72.3004,41,39.9623,56.7419
73.3502,0,27.5970,63.7453
73.3502,1,27.9805,63.4246
73.3502,2,28.3743,63.1167
73.3502,3,28.7779,62.8217
73.3502,4,29.1921,62.5416
73.3502,5,29.6129,62.2717
73.3502,6,30.0398,62.0114
73.3502,7,30.4734,61.7625
73.3502,8,30.9109,61.5206
73.3502,9,31.3521,61.2854
73.3502,10,31.7973,61.0577
73.3502,11,32.2445,60.8342
73.3502,12,32.6939,60.6149
73.3502,13,33.1448,60.3989
73.3502,14,33.5966,60.1847
73.3502,15,34.0490,59.9719
73.3502,16,34.5015,59.7591
73.3502,17,34.9536,59.5456
73.3502,18,35.4048,59.3300
73.3502,19,35.8546,59.1118
73.3502,20,36.3029,58.8903
73.3502,21,36.7482,58.6631
73.3502,22,37.1910,58.4307
73.3502,23,37.6301,58.1916
73.3502,24,38.0643,57.9437
73.3502,25,38.4937,57.6877
73.3502,26,38.9168,57.4213
73.3502,27,39.3322,57.1431
73.3502,28,39.7396,56.8534
73.3502,29,40.1370,56.5500
73.3502,30,40.5226,56.2319
73.3502,31,40.8957,55.8993
73.3502,32,41.2542,55.5509
73.3502,33,41.5951,55.1853
73.3502,34,41.9183,54.8041
73.3502,35,42.2222,54.4072
73.3502,36,42.5018,53.9929
73.3502,37,42.7591,53.5645
73.3502,38,42.9934,53.1230
73.3502,39,43.1990,52.6673
73.3502,40,43.3804,52.2018
73.3502,41,43.5372,51.7271
73.3502,42,43.6660,51.2442
73.3502,43,43.7739,50.7562
73.3502,44,43.8573,50.2632
73.3502,45,43.8980,50.0103
74.3503,0,34.5149,59.8938
74.3503,1,34.9786,59.7071
74.3503,2,35.4384,59.5112
74.3503,3,35.8936,59.3046
74.3503,4,36.3424,59.0843
74.3503,5,36.7862,58.8542
74.3503,6,37.2242,58.6131
74.3503,7,37.6545,58.3585
74.3503,8,38.0785,58.0937
74.3503,9,38.4950,57.8171
74.3503,10,38.9027,57.5277
74.3503,11,39.3023,57.2273
74.3503,12,39.6919,56.9140
74.3503,13,40.0714,56.5886
74.3503,14,40.4408,56.2517
74.3503,15,40.7969,55.9009
74.3503,16,41.1408,55.5381
74.3503,17,41.4723,55.1639
74.3503,18,41.7866,54.7751
74.3503,19,42.0861,54.3749
74.3503,20,42.3699,53.9633
74.3503,21,42.6327,53.5381
74.3503,22,42.8777,53.1024
74.3503,23,43.1037,52.6565
74.3503,24,43.3065,52.1995
74.3503,25,43.4890,51.7343
74.3503,26,43.6498,51.2609
74.3503,27,43.7850,50.7797
74.3503,28,43.8975,50.2927
74.3503,29,43.9862,49.8008
74.3503,30,44.0465,49.3045
74.3503,31,44.0818,48.8060
74.3503,32,44.0919,48.3062
74.3503,33,44.0712,47.8068
74.3503,34,44.0239,47.3093
74.3503,35,43.9511,46.8147
74.3503,36,43.8467,46.3259
74.3503,37,43.7135,45.8444
74.3503,38,43.5467,45.3733
74.3503,39,43.3383,44.9193
74.3503,40,43.1065,44.4768
74.3503,41,42.8515,44.0471
74.3503,42,42.5700,43.6343
74.3503,43,42.3037,43.2773
74.3503,44,42.1768,43.1228
74.3503,45,42.1027,43.0327
75.4001,0,40.9212,55.7166
75.4001,1,41.2888,55.3778
75.4001,2,41.6365,55.0190
75.4001,3,41.9622,54.6400
75.4001,4,42.2621,54.2399
75.4001,5,42.5409,53.8252
75.4001,6,42.7985,53.3967
75.4001,7,43.0298,52.9535
75.4001,8,43.2385,52.4994
75.4001,9,43.4261,52.0359
75.4001,10,43.5882,51.5630
75.4001,11,43.7271,51.0829
75.4001,12,43.8443,50.5968
75.4001,13,43.9353,50.1053
75.4001,14,44.0048,49.6103
75.4001,15,44.0505,49.1124
75.4001,16,44.0689,48.6129
75.4001,17,44.0659,48.1130
75.4001,18,44.0362,47.6139
75.4001,19,43.9783,47.1174
75.4001,20,43.8983,46.6240
75.4001,21,43.7864,46.1367
75.4001,22,43.6471,45.6567
75.4001,23,43.4843,45.1840
75.4001,24,43.2863,44.7249
75.4001,25,43.0614,44.2786
75.4001,26,42.8122,43.8452
75.4001,27,42.5271,43.4345
75.4001,28,42.2181,43.0418
75.4001,29,41.8895,42.6650
75.4001,30,41.8701,42.6429
76.4004,0,43.4806,51.2791
76.4004,1,43.6550,50.8108
76.4004,2,43.7995,50.3324
76.4004,3,43.9143,49.8459
76.4004,4,43.9995,49.3534
76.4004,5,44.0551,48.8567
76.4004,6,44.0812,48.3575
76.4004,7,44.0778,47.8577
76.4004,8,44.0448,47.3590
76.4004,9,43.9821,46.8631
76.4004,10,43.8896,46.3720
76.4004,11,43.7672,45.8874
76.4004,12,43.6146,45.4115
76.4004,13,43.4317,44.9464
76.4004,14,43.2184,44.4945
76.4004,15,42.9749,44.0581
76.4004,16,42.7016,43.6397
76.4004,17,42.3994,43.2418
76.4004,18,42.0704,42.8656
76.4004,19,41.8582,42.6412
77.4509,0,43.5741,45.7672
77.4509,1,43.6445,45.3893
77.4509,2,43.4828,44.9281
77.4509,3,43.2408,44.4911
77.4509,4,42.9736,44.0696
77.4509,5,42.6909,43.6595
77.4509,6,42.3975,43.2583
77.4509,7,42.0498,42.9025
77.4509,8,41.6582,42.6006
77.4509,9,41.2605,42.3051
77.4509,10,40.8564,42.0166
77.4509,11,40.4462,41.7354
77.4509,12,40.0303,41.4613
77.4509,13,39.6075,41.1968
77.4509,14,39.1765,40.9445
77.4509,15,38.8237,40.7525
77.4509,16,38.5402,40.6693
77.4509,17,38.3007,40.7567
77.4509,18,38.2904,40.8051
78.4509,0,40.2642,41.8307
78.4509,1,39.8833,41.5068
78.4509,2,39.4647,41.2343
78.4509,3,39.0140,41.0198
78.4509,4,38.5390,40.8666
78.4509,5,38.0484,40.7748
78.4509,6,37.5503,40.7419
78.4509,7,37.0515,40.7637
78.4509,8,36.5573,40.8353
78.4509,9,36.0717,40.9521
78.4509,10,35.5978,41.1098
78.4509,11,35.1379,41.3050
78.4509,12,34.6941,41.5349
78.4509,13,34.2686,41.7971
78.4509,14,33.8642,42.0911
78.4509,15,33.4849,42.4168
78.4509,16,33.1319,42.7706
78.4509,17,32.8087,43.1517
78.4509,18,32.5200,43.5593
78.4509,19,32.2711,43.9923
78.4509,20,32.0685,44.4485
78.4509,21,31.9879,44.6554
78.4509,22,31.9879,44.6554
78.4509,23,31.9879,44.6554
78.4509,24,31.9879,44.6554
78.4509,25,31.9879,44.6554
78.4509,26,31.9879,44.6554
78.4509,27,31.9879,44.6554
78.4509,28,31.9879,44.6554
78.4509,29,31.9879,44.6554
78.4509,30,31.9879,44.6554
78.4509,31,31.9879,44.6554
78.4509,32,31.9879,44.6554
78.4509,33,31.9879,44.6554
78.4509,34,31.9879,44.6554
78.4509,35,31.9879,44.6554
78.4509,36,31.9879,44.6554
78.4509,37,31.9879,44.6554
78.4509,38,31.9879,44.6554
78.4509,39,31.9879,44.6554
78.4509,40,31.9879,44.6554
78.4509,41,31.9879,44.6554
78.4509,42,31.9879,44.6554
78.4509,43,31.9879,44.6554
78.4509,44,31.9879,44.6554
78.4509,45,31.9879,44.6554
78.4509,46,31.9879,44.6554
78.4509,47,31.9879,44.6554
78.4509,48,31.9879,44.6554
78.4509,49,31.9879,44.6554
78.4509,50,31.9879,44.6554
79.5002,0,35.6014,41.5647
79.5002,1,35.1232,41.7091
79.5002,2,34.6606,41.8959
79.5002,3,34.2189,42.1285
79.5002,4,33.8050,42.4084
79.5002,5,33.4207,42.7276
79.5002,6,33.0625,43.0757
79.5002,7,32.7303,43.4490
79.5002,8,32.4268,43.8462
79.5002,9,32.1440,44.2583
79.5002,10,31.8796,44.6825
79.5002,11,31.6336,45.1177
79.5002,12,31.4026,45.5611
79.5002,13,31.1834,46.0105
79.5002,14,30.9756,46.4652
79.5002,15,30.7772,46.9242
79.5002,16,30.5853,47.3858
79.5002,17,30.3993,47.8499
79.5002,18,30.2171,48.3156
79.5002,19,30.0371,48.7821
79.5002,20,29.8586,49.2491
79.5002,21,29.6806,49.7163
79.5002,22,29.5021,50.1834
79.5002,23,29.3225,50.6500
79.5002,24,29.1404,51.1157
79.5002,25,28.9554,51.5802
79.5002,26,28.7668,52.0432
79.5002,27,28.5723,52.5039
79.5002,28,28.3724,52.9621
79.5002,29,28.1662,53.4176
79.5002,30,27.9514,53.8691
79.5002,31,27.7280,54.3164
79.5002,32,27.4959,54.7592
79.5002,33,27.2531,55.1963
79.5002,34,26.9982,55.6264
79.5002,35,26.7328,56.0500
79.5002,36,26.4557,56.4662
79.5002,37,26.1636,56.8720
79.5002,38,25.8598,57.2690
79.5002,39,25.5437,57.6563
79.5002,40,25.2124,58.0307
79.5002,41,24.8695,58.3945
79.5002,42,24.5696,58.7005
80.5009,0,31.6044,45.6439
80.5009,1,31.3658,46.0833
80.5009,2,31.1386,46.5286
80.5009,3,30.9198,46.9781
80.5009,4,30.7084,47.4312
80.5009,5,30.5014,47.8863
80.5009,6,30.2988,48.3433
80.5009,7,30.0989,48.8016
80.5009,8,29.9008,49.2606
80.5009,9,29.7043,49.7204
80.5009,10,29.5081,50.1803
80.5009,11,29.3118,50.6401
80.5009,12,29.1144,51.0994
80.5009,13,28.9154,51.5581
80.5009,14,28.7141,52.0158
80.5009,15,28.5094,52.4719
80.5009,16,28.3011,52.9265
80.5009,17,28.0879,53.3787
80.5009,18,27.8692,53.8283
80.5009,19,27.6445,54.2750
80.5009,20,27.4118,54.7176
80.5009,21,27.1719,55.1562
80.5009,22,26.9237,55.5902
80.5009,23,26.6647,56.0179
80.5009,24,26.3973,56.4402
80.5009,25,26.1199,56.8562
80.5009,26,25.8315,57.2645
80.5009,27,25.5338,57.6661
80.5009,28,25.2253,58.0596
80.5009,29,24.9057,58.4440
80.5009,30,24.5766,58.8203
80.5009,31,24.2359,59.1862
80.5009,32,23.8849,59.5422
80.5009,33,23.5247,59.8889
80.5009,34,23.1523,60.2224
80.5009,35,22.7712,60.5458
80.5009,36,22.3804,60.8576
80.5009,37,21.9799,61.1564
80.5009,38,21.5974,61.4380
80.5009,39,21.3584,61.6193
80.5009,40,21.3117,61.6529
81.5501,0,27.8324,60.3813
81.5501,1,27.3381,60.3069
81.5501,2,26.8430,60.2392
81.5501,3,26.3438,60.2186
81.5501,4,25.8444,60.2105
81.5501,5,25.3465,60.2519
81.5501,6,24.8507,60.3099
81.5501,7,24.3619,60.4132
81.5501,8,23.8782,60.5360
81.5501,9,23.4046,60.6944
81.5501,10,22.9389,60.8743
81.5501,11,22.4827,61.0776
81.5501,12,22.0379,61.3049
81.5501,13,21.5995,61.5445
81.5501,14,21.1752,61.8087
81.5501,15,20.7554,62.0798
81.5501,16,20.3476,62.3689
81.5501,17,19.9445,62.6646
81.5501,18,19.5499,62.9715
81.5501,19,19.1605,63.2851
81.5501,20,18.7763,63.6051
81.5501,21,18.3971,63.9310
81.5501,22,18.0206,64.2600
81.5501,23,17.6479,64.5932
81.5501,24,17.2760,64.9275
81.5501,25,16.9064,65.2641
81.5501,26,16.5367,65.6008
81.5501,27,16.1669,65.9373
81.5501,28,15.7964,66.2731
81.5501,29,15.4241,66.6068
81.5501,30,15.0505,66.9390
81.5501,31,14.6745,67.2686
81.5501,32,14.2966,67.5961
81.5501,33,13.9165,67.9209
81.5501,34,13.5340,68.2429
81.5501,35,13.1493,68.5623
81.5501,36,12.7617,68.8781
81.5501,37,12.3722,69.1916
81.5501,38,11.9789,69.5003
81.5501,39,11.5839,69.8069
81.5501,40,11.1847,70.1079
81.5501,41,10.7837,70.4065
81.5501,42,10.3784,70.6994
81.5501,43,9.9709,70.9890
81.5501,44,9.5600,71.2740
81.5501,45,9.2612,71.4965
82.5506,0,23.9577,65.9272
82.5506,1,23.5971,65.5825
82.5506,2,23.2325,65.2427
82.5506,3,22.8495,64.9252
82.5506,4,22.4408,64.6395
82.5506,5,22.0203,64.3745
82.5506,6,21.5661,64.1683
82.5506,7,21.1000,63.9958
82.5506,8,20.6114,63.8949
82.5506,9,20.1151,63.8558
82.5506,10,19.6169,63.8756
82.5506,11,19.1281,63.9802
82.5506,12,18.6522,64.1295
82.5506,13,18.1921,64.3246
82.5506,14,17.7536,64.5642
82.5506,15,17.3276,64.8251
82.5506,16,16.9194,65.1137
82.5506,17,16.5212,65.4157
82.5506,18,16.1336,65.7315
82.5506,19,15.7530,66.0557
82.5506,20,15.3776,66.3859
82.5506,21,15.0061,66.7206
82.5506,22,14.6368,67.0576
82.5506,23,14.2691,67.3965
82.5506,24,13.9020,67.7359
82.5506,25,13.5344,68.0748
82.5506,26,13.1657,68.4126
82.5506,27,12.7944,68.7474
82.5506,28,12.4205,69.0793
82.5506,29,12.0424,69.4066
82.5506,30,11.6609,69.7297
82.5506,31,11.2758,70.0486
82.5506,32,10.8872,70.3632
82.5506,33,10.4961,70.6748
82.5506,34,10.1020,70.9824
82.5506,35,9.7062,71.2879
82.5506,36,9.3083,71.5906
82.5506,37,8.9092,71.8919
82.5506,38,8.5090,72.1916
82.5506,39,8.1083,72.4907
82.5506,40,7.7072,72.7892
82.5506,41,7.3063,73.0881
82.5506,42,6.9058,73.3874
82.5506,43,6.5063,73.6881
82.5506,44,6.1537,73.9561
82.5506,45,6.1033,73.9954
83.5507,0,19.0847,68.0960
83.5507,1,18.7262,67.7477
83.5507,2,18.3525,67.4177
83.5507,3,17.9448,67.1298
83.5507,4,17.5123,66.8841
83.5507,5,17.0418,66.7168
83.5507,6,16.5550,66.6193
83.5507,7,16.0569,66.6117
83.5507,8,15.5657,66.7021
83.5507,9,15.0920,66.8564
83.5507,10,14.6404,67.0687
83.5507,11,14.2120,67.3263
83.5507,12,13.8013,67.6106
83.5507,13,13.4048,67.9151
83.5507,14,13.0213,68.2358
83.5507,15,12.6446,68.5645
83.5507,16,12.2732,68.8992
83.5507,17,11.9037,69.2360
83.5507,18,11.5355,69.5743
83.5507,19,11.1676,69.9129
83.5507,20,10.7994,70.2512
83.5507,21,10.4302,70.5884
83.5507,22,10.0589,70.9233
83.5507,23,9.6853,71.2556
83.5507,24,9.3081,71.5837
83.5507,25,8.9277,71.9082
83.5507,26,8.5429,72.2274
83.5507,27,8.1547,72.5425
83.5507,28,7.7632,72.8536
83.5507,29,7.3687,73.1607
83.5507,30,6.9718,73.4648
83.5507,31,6.5724,73.7656
83.5507,32,6.1711,74.0639
83.5507,33,5.7684,74.3602
83.5507,34,5.3643,74.6547
83.5507,35,4.9595,74.9482
83.5507,36,4.5542,75.2410
83.5507,37,4.1488,75.5336
83.5507,38,3.7435,75.8264
83.5507,39,3.3389,76.1202
83.5507,40,2.9352,76.4152
83.5507,41,2.5326,76.7117
83.5507,42,2.1320,77.0108
83.5507,43,1.7328,77.3120
83.5507,44,1.3365,77.6168
83.5507,45,0.9426,77.9247
83.5507,46,0.5511,78.2358
83.5507,47,0.1637,78.5518
83.5507,48,-0.2217,78.8704
83.5507,49,-0.2644,78.9055
84.5509,0,10.5359,67.1788
84.5509,1,10.4205,67.6653
84.5509,2,10.2968,68.1497
84.5509,3,10.1381,68.6236
84.5509,4,9.9642,69.0920
84.5509,5,9.7633,69.5493
84.5509,6,9.5421,69.9968
84.5509,7,9.3010,70.4339
84.5509,8,9.0378,70.8574
84.5509,9,8.7572,71.2697
84.5509,10,8.4624,71.6717
84.5509,11,8.1487,72.0590
84.5509,12,7.8259,72.4388
84.5509,13,7.4864,72.8037
84.5509,14,7.1396,73.1616
84.5509,15,6.7808,73.5079
84.5509,16,6.4150,73.8467
84.5509,17,6.0403,74.1762
84.5509,18,5.6606,74.4996
84.5509,19,5.2733,74.8148
84.5509,20,4.8834,75.1265
84.5509,21,4.4872,75.4306
84.5509,22,4.0897,75.7332
84.5509,23,3.6875,76.0298
84.5509,24,3.2849,76.3260
84.5509,25,2.8793,76.6182
84.5509,26,2.4740,76.9110
84.5509,27,2.0668,77.2011
84.5509,28,1.6603,77.4922
84.5509,29,1.2522,77.7812
84.5509,30,0.8450,78.0713
84.5509,31,0.4369,78.3600
84.5509,32,0.0293,78.6493
84.5509,33,-0.3786,78.9383
84.5509,34,-0.7862,79.2277
84.5509,35,-1.1934,79.5175
84.5509,36,-1.6005,79.8075
84.5509,37,-2.0068,80.0986
84.5509,38,-2.4129,80.3901
84.5509,39,-2.8178,80.6833
84.5509,40,-3.2226,80.9766
84.5509,41,-3.6261,81.2718
84.5509,42,-4.0299,81.5666
84.5509,43,-4.4315,81.8645
84.5509,44,-4.8322,82.1635
84.5509,45,-5.2314,82.4645
84.5509,46,-5.6320,82.7634
84.5509,47,-6.0312,83.0637
84.5509,48,-6.3207,83.2852
84.5509,49,-6.3328,83.2954
85.5999,0,-2.4194,69.0858
85.5999,1,-2.0957,69.4665
85.5999,2,-1.7720,69.8471
85.5999,3,-1.4484,70.2277
85.5999,4,-1.1258,70.6092
85.5999,5,-0.8421,71.0204
85.5999,6,-0.5592,71.4322
85.5999,7,-0.2763,71.8440
85.5999,8,-0.0276,72.2766
85.5999,9,0.1990,72.7219
85.5999,10,0.4255,73.1672
85.5999,11,0.5974,73.6354
85.5999,12,0.7478,74.1118
85.5999,13,0.8754,74.5940
85.5999,14,0.9292,75.0909
85.5999,15,0.9777,75.5881
85.5999,16,0.9218,76.0848
85.5999,17,0.8626,76.5809
85.5999,18,0.7001,77.0537
85.5999,19,0.5310,77.5237
85.5999,20,0.2797,77.9560
85.5999,21,0.0224,78.3842
85.5999,22,-0.2941,78.7713
85.5999,23,-0.6138,79.1554
85.5999,24,-0.9735,79.5026
85.5999,25,-1.3354,79.8477
85.5999,26,-1.7223,80.1643
85.5999,27,-2.1137,80.4754
85.5999,28,-2.5162,80.7719
85.5999,29,-2.9266,81.0575
85.5999,30,-3.3395,81.3393
85.5999,31,-3.7616,81.6074
85.5999,32,-4.1837,81.8755
85.5999,33,-4.6105,82.1358
85.5999,34,-5.0387,82.3940
85.5999,35,-5.4674,82.6513
85.5999,36,-5.8972,82.9068
85.5999,37,-6.3269,83.1625
85.5999,38,-6.7543,83.4219
85.5999,39,-7.1814,83.6819
85.5999,40,-7.6049,83.9476
85.5999,41,-8.0244,84.2196
85.5999,42,-8.4418,84.4948
85.5999,43,-8.8479,84.7865
85.5999,44,-9.2524,85.0803
85.5999,45,-9.6394,85.3968
85.5999,46,-10.0220,85.7187
85.5999,47,-10.1312,85.8098
86.6004,0,-9.0906,77.3946
86.6004,1,-8.7271,77.7377
86.6004,2,-8.3636,78.0808
86.6004,3,-8.0084,78.4318
86.6004,4,-7.6777,78.8056
86.6004,5,-7.3605,79.1919
86.6004,6,-7.0605,79.5902
86.6004,7,-6.8056,80.0196
86.6004,8,-6.5762,80.4629
86.6004,9,-6.4093,80.9319
86.6004,10,-6.2997,81.4182
86.6004,11,-6.2847,81.9162
86.6004,12,-6.3569,82.4063
86.6004,13,-6.5220,82.8779
86.6004,14,-6.7656,83.3115
86.6004,15,-7.0625,83.7124
86.6004,16,-7.4043,84.0768
86.6004,17,-7.7750,84.4108
86.6004,18,-8.1663,84.7219
86.6004,19,-8.5745,85.0098
86.6004,20,-8.9929,85.2835
86.6004,21,-9.4202,85.5428
86.6004,22,-9.8530,85.7931
86.6004,23,-10.2904,86.0351
86.6004,24,-10.7311,86.2713
86.6004,25,-11.1750,86.5014
86.6004,26,-11.6215,86.7264
86.6004,27,-12.0705,86.9464
86.6004,28,-12.5217,87.1617
86.6004,29,-12.9749,87.3729
86.6004,30,-13.4302,87.5797
86.6004,31,-13.8870,87.7829
86.6004,32,-14.3456,87.9821
86.6004,33,-14.8056,88.1781
86.6004,34,-15.2670,88.3706
86.6004,35,-15.7298,88.5601
86.6004,36,-16.1936,88.7467
86.6004,37,-16.6587,88.9303
86.6004,38,-17.1245,89.1120
86.6004,39,-17.2954,89.1791
87.6510,0,-10.5256,87.3466
87.6510,1,-11.0141,87.4212
87.6510,2,-11.5028,87.4948
87.6510,3,-11.9920,87.5665
87.6510,4,-12.4817,87.6367
87.6510,5,-12.9716,87.7059
87.6510,6,-13.4605,87.7786
87.6510,7,-13.9426,87.8987
87.6510,8,-14.4104,88.0753
87.6510,9,-14.8773,88.2541
87.6510,10,-15.3438,88.4338
87.6510,11,-15.8097,88.6153
87.6510,12,-16.2746,88.7991
87.6510,13,-16.7420,88.9760
87.6510,14,-17.2176,89.1276
87.6510,15,-17.3323,89.1644
88.7013,0,-14.1192,93.4512
88.7013,1,-14.1832,92.9557
88.7013,2,-14.2474,92.4603
88.7013,3,-14.3454,91.9722
88.7013,4,-14.4893,91.4934
88.7013,5,-14.6743,91.0312
88.7013,6,-14.9215,90.5980
88.7013,7,-15.2167,90.1968
88.7013,8,-15.5985,89.8745
88.7013,9,-16.0195,89.6096
88.7013,10,-16.4789,89.4129
88.7013,11,-16.9607,89.2823
88.7013,12,-17.4529,89.1979
88.7013,13,-17.9506,89.1505
88.7013,14,-18.4493,89.1185
88.7013,15,-18.9487,89.1000
88.7013,16,-19.4479,89.0817
88.7013,17,-19.9470,89.0587
88.7013,18,-20.4442,89.0164
88.7013,19,-20.9395,88.9544
88.7013,20,-21.4262,88.8473
88.7013,21,-21.9052,88.7098
88.7013,22,-22.3689,88.5268
88.7013,23,-22.8057,88.2849
88.7013,24,-23.2165,88.0001
88.7013,25,-23.5940,87.6730
88.7013,26,-23.9342,87.3097
88.7013,27,-24.2311,86.9115
88.7013,28,-24.5093,86.5091
88.7013,29,-24.6389,86.3569
88.7013,30,-24.7664,86.2029
88.7013,31,-24.8870,86.0433
88.7013,32,-25.0049,85.8818
88.7013,33,-25.1180,85.7168
88.7013,34,-25.2281,85.5499
88.7013,35,-25.3353,85.3811
88.7013,36,-25.3672,85.3309
89.7507,0,-19.6751,93.1266
89.7507,1,-19.7386,92.6308
89.7507,2,-19.8269,92.1399
89.7507,3,-19.9630,91.6591
89.7507,4,-20.1296,91.1887
89.7507,5,-20.3339,90.7329
89.7507,6,-20.5741,90.2948
89.7507,7,-20.8396,89.8718
89.7507,8,-21.1361,89.4693
89.7507,9,-21.4505,89.0808
89.7507,10,-21.7813,88.7061
89.7507,11,-22.1291,88.3469
89.7507,12,-22.4846,87.9954
89.7507,13,-22.8486,87.6527
89.7507,14,-23.2168,87.3144
89.7507,15,-23.5871,86.9785
89.7507,16,-23.9575,86.6426
89.7507,17,-24.3255,86.3041
89.7507,18,-24.6894,85.9612
89.7507,19,-25.0481,85.6129
89.7507,20,-25.4012,85.2590
89.7507,21,-25.7456,84.8966
89.7507,22,-26.0821,84.5269
89.7507,23,-26.4075,84.1473
89.7507,24,-26.7220,83.7587
89.7507,25,-27.0250,83.3610
89.7507,26,-27.3124,82.9519
89.7507,27,-27.5872,82.5344
89.7507,28,-27.8461,82.1067
89.7507,29,-28.0913,81.6711
89.7507,30,-28.3226,81.2279
89.7507,31,-28.5375,80.7765
89.7507,32,-28.7391,80.3191
89.7507,33,-28.9242,79.8546
89.7507,34,-29.0945,79.3847
89.7507,35,-29.2499,78.9095
89.7507,36,-29.3885,78.4292
89.7507,37,-29.5133,77.9451
89.7507,38,-29.6212,77.4569
89.7507,39,-29.7132,76.9656
89.7507,40,-29.7892,76.4715
89.7507,41,-29.8481,75.9751
89.7507,42,-29.8927,75.4771
89.7507,43,-29.9191,74.9778
89.7507,44,-29.9295,74.4781
89.7507,45,-29.9234,73.9782
89.7507,46,-29.8993,73.4789
89.7507,47,-29.8604,72.9805
89.7507,48,-29.8018,72.4840
89.7507,49,-29.7578,72.1382
90.8001,0,-21.8946,88.6063
90.8001,1,-22.2563,88.2637
90.8001,2,-22.6391,87.9425
90.8001,3,-23.0274,87.6283
90.8001,4,-23.4143,87.3132
90.8001,5,-23.7988,86.9956
90.8001,6,-24.1775,86.6712
90.8001,7,-24.5481,86.3376
90.8001,8,-24.9105,85.9946
90.8001,9,-25.2621,85.6406
90.8001,10,-25.6022,85.2750
90.8001,11,-25.9320,84.8998
90.8001,12,-26.2486,84.5132
90.8001,13,-26.5530,84.1168
90.8001,14,-26.8443,83.7105
90.8001,15,-27.1226,83.2952
90.8001,16,-27.3876,82.8713
90.8001,17,-27.6373,82.4382
90.8001,18,-27.8756,81.9987
90.8001,19,-28.1006,81.5524
90.8001,20,-28.3113,81.0991
90.8001,21,-28.5120,80.6413
90.8001,22,-28.6999,80.1781
90.8001,23,-28.8758,79.7102
90.8001,24,-29.0427,79.2389
90.8001,25,-29.1951,78.7628
90.8001,26,-29.3368,78.2833
90.8001,27,-29.4661,77.8004
90.8001,28,-29.5803,77.3136
90.8001,29,-29.6821,76.8242
90.8001,30,-29.7677,76.3316
90.8001,31,-29.8372,75.8366
90.8001,32,-29.8925,75.3398
90.8001,33,-29.9272,74.8411
90.8001,34,-29.9448,74.3416
90.8001,35,-29.9465,73.8417
90.8001,36,-29.9228,73.3425
90.8001,37,-29.8812,72.8444
90.8001,38,-29.8202,72.3483
90.8001,39,-29.7309,71.8565
90.8001,40,-29.6212,71.3689
90.8001,41,-29.4887,70.8868
90.8001,42,-29.3311,70.4125
90.8001,43,-29.1532,69.9453
90.8001,44,-28.9495,69.4888
90.8001,45,-28.7262,69.0417
90.8001,46,-28.4820,68.6056
90.8001,47,-28.4280,68.5099
91.8008,0,-26.9532,83.3960
91.8008,1,-27.2421,82.9880
91.8008,2,-27.5182,82.5713
91.8008,3,-27.7809,82.1460
91.8008,4,-28.0292,81.7120
91.8008,5,-28.2622,81.2696
91.8008,6,-28.4819,80.8206
91.8008,7,-28.6874,80.3648
91.8008,8,-28.8774,79.9024
91.8008,9,-29.0525,79.4341
91.8008,10,-29.2136,78.9608
91.8008,11,-29.3593,78.4825
91.8008,12,-29.4881,77.9994
91.8008,13,-29.6019,77.5126
91.8008,14,-29.7003,77.0225
91.8008,15,-29.7819,76.5292
91.8008,16,-29.8459,76.0334
91.8008,17,-29.8939,75.5358
91.8008,18,-29.9249,75.0368
91.8008,19,-29.9373,74.5370
91.8008,20,-29.9312,74.0371
91.8008,21,-29.9078,73.5377
91.8008,22,-29.8658,73.0395
91.8008,23,-29.8027,72.5436
91.8008,24,-29.7209,72.0504
91.8008,25,-29.6205,71.5607
91.8008,26,-29.4999,71.0755
91.8008,27,-29.3570,70.5964
91.8008,28,-29.1951,70.1235
91.8008,29,-29.0140,69.6576
91.8008,30,-28.8120,69.2002
91.8008,31,-28.5893,68.7526
91.8008,32,-28.3860,68.3736
91.8008,33,-28.2837,68.2018
91.8008,34,-28.1727,68.0354
91.8008,35,-28.0532,67.8751
91.8008,36,-27.9274,67.7198
91.8008,37,-27.7954,67.5696
91.8008,38,-27.6543,67.4278
91.8008,39,-27.5073,67.2923
91.8008,40,-27.3896,67.1888
92.8506,0,-29.7397,76.0533
92.8506,1,-29.8307,75.5618
92.8506,2,-29.8958,75.0663
92.8506,3,-29.9350,74.5681
92.8506,4,-29.9484,74.0685
92.8506,5,-29.9372,73.5687
92.8506,6,-29.8990,73.0703
92.8506,7,-29.8385,72.5741
92.8506,8,-29.7559,72.0812
92.8506,9,-29.6517,71.5922
92.8506,10,-29.5246,71.1087
92.8506,11,-29.3773,70.6310
92.8506,12,-29.2107,70.1598
92.8506,13,-29.0249,69.6957
92.8506,14,-28.8186,69.2403
92.8506,15,-28.5945,68.7935
92.8506,16,-28.3528,68.3559
92.8506,17,-28.0939,67.9283
92.8506,18,-27.8157,67.5129
92.8506,19,-27.5217,67.1086
92.8506,20,-27.2113,66.7169
92.8506,21,-26.8847,66.3384
92.8506,22,-26.5409,65.9754
92.8506,23,-26.1824,65.6271
92.8506,24,-25.8087,65.2952
92.8506,25,-25.4198,64.9810
92.8506,26,-25.0160,64.6863
92.8506,27,-24.5990,64.4109
92.8506,28,-24.1689,64.1562
92.8506,29,-23.7264,63.9236
92.8506,30,-23.2723,63.7148
92.8506,31,-22.8083,63.5292
92.8506,32,-22.4486,63.3988
93.8507,0,-29.0390,70.0318
93.8507,1,-28.8771,69.5588
93.8507,2,-28.6975,69.0925
93.8507,3,-28.4940,68.6359
93.8507,4,-28.2660,68.1911
93.8507,5,-28.0175,67.7576
93.8507,6,-27.7440,67.3391
93.8507,7,-27.4486,66.9360
93.8507,8,-27.1334,66.5482
93.8507,9,-26.7964,66.1790
93.8507,10,-26.4399,65.8286
93.8507,11,-26.0670,65.4959
93.8507,12,-25.6775,65.1826
93.8507,13,-25.2716,64.8908
93.8507,14,-24.8535,64.6169
93.8507,15,-24.4239,64.3614
93.8507,16,-23.9817,64.1281
93.8507,17,-23.5312,63.9116
93.8507,18,-23.0728,63.7123
93.8507,19,-22.6061,63.5329
93.8507,20,-22.1337,63.3694
93.8507,21,-21.6562,63.2214
93.8507,22,-21.1735,63.0910
93.8507,23,-20.6872,62.9752
93.8507,24,-20.1979,62.8729
93.8507,25,-19.7054,62.7863
93.8507,26,-19.2109,62.7128
93.8507,27,-18.7148,62.6512
93.8507,28,-18.2171,62.6039
93.8507,29,-17.7184,62.5682
93.8507,30,-17.2190,62.5433
93.8507,31,-16.7192,62.5318
93.8507,32,-16.2193,62.5306
93.8507,33,-15.7193,62.5395
93.8507,34,-15.2198,62.5606
93.8507,35,-14.7208,62.5910
93.8507,36,-14.2224,62.6313
93.8507,37,-13.7251,62.6827
93.8507,38,-13.2288,62.7434
93.8507,39,-12.7338,62.8137
93.8507,40,-12.2405,62.8950
93.8507,41,-11.7488,62.9857
93.8507,42,-11.2590,63.0860
93.8507,43,-10.7713,63.1962
93.8507,44,-10.6116,63.2328
94.8509,0,-25.9558,65.5338
94.8509,1,-25.5769,65.2077
94.8509,2,-25.1860,64.8963
94.8509,3,-24.7817,64.6023
94.8509,4,-24.3617,64.3311
94.8509,5,-23.9307,64.0781
94.8509,6,-23.4885,63.8450
94.8509,7,-23.0346,63.6354
94.8509,8,-22.5717,63.4468
94.8509,9,-22.1011,63.2783
94.8509,10,-21.6237,63.1301
94.8509,11,-21.1398,63.0046
94.8509,12,-20.6516,62.8971
94.8509,13,-20.1599,62.8071
94.8509,14,-19.6651,62.7351
94.8509,15,-19.1682,62.6802
94.8509,16,-18.6700,62.6393
94.8509,17,-18.1708,62.6114
94.8509,18,-17.6710,62.5977
94.8509,19,-17.1710,62.5949
94.8509,20,-16.6711,62.6016
94.8509,21,-16.1714,62.6177
94.8509,22,-15.6720,62.6425
94.8509,23,-15.1730,62.6737
94.8509,24,-14.6744,62.7106
94.8509,25,-14.1762,62.7535
94.8509,26,-13.6784,62.8000
94.8509,27,-13.1809,62.8496
94.8509,28,-12.6836,62.9019
94.8509,29,-12.1865,62.9556
94.8509,30,-11.6894,63.0098
94.8509,31,-11.1924,63.0639
94.8509,32,-10.6952,63.1169
94.8509,33,-10.1978,63.1680
94.8509,34,-9.7002,63.2164
94.8509,35,-9.2021,63.2607
94.8509,36,-8.7037,63.3007
94.8509,37,-8.2050,63.3355
94.8509,38,-7.7057,63.3627
94.8509,39,-7.2062,63.3831
94.8509,40,-6.7063,63.3955
94.8509,41,-6.2064,63.3965
94.8509,42,-5.7066,63.3834
94.8509,43,-5.2075,63.3553
94.8509,44,-4.7092,63.3152
94.8509,45,-4.2123,63.2604
94.8509,46,-3.7174,63.1906
94.8509,47,-3.3768,63.1332
94.8509,48,-3.1806,63.0948
94.8509,49,-3.1355,63.0859
95.9003,0,-20.6328,63.0673
95.9003,1,-20.1413,62.9756
95.9003,2,-19.6477,62.8963
95.9003,3,-19.1520,62.8305
95.9003,4,-18.6547,62.7788
95.9003,5,-18.1564,62.7381
95.9003,6,-17.6573,62.7083
95.9003,7,-17.1576,62.6902
95.9003,8,-16.6577,62.6813
95.9003,9,-16.1577,62.6806
95.9003,10,-15.6578,62.6889
95.9003,11,-15.1581,62.7043
95.9003,12,-14.6585,62.7256
95.9003,13,-14.1593,62.7531
95.9003,14,-13.6603,62.7854
95.9003,15,-13.1616,62.8215
95.9003,16,-12.6632,62.8612
95.9003,17,-12.1650,62.9034
95.9003,18,-11.6669,62.9474
95.9003,19,-11.1690,62.9926
95.9003,20,-10.6711,63.0380
95.9003,21,-10.1731,63.0832
95.9003,22,-9.6750,63.1270
95.9003,23,-9.1768,63.1693
95.9003,24,-8.6784,63.2089
95.9003,25,-8.1797,63.2449
95.9003,26,-7.6808,63.2774
95.9003,27,-7.1815,63.3046
95.9003,28,-6.6820,63.3260
95.9003,29,-6.1822,63.3421
95.9003,30,-5.6823,63.3497
95.9003,31,-5.1823,63.3496
95.9003,32,-4.6824,63.3423
95.9003,33,-4.1827,63.3233
95.9003,34,-3.6836,63.2948
95.9003,35,-3.1850,63.2570
95.9003,36,-2.6878,63.2046
95.9003,37,-2.1918,63.1414
95.9003,38,-1.6975,63.0664
95.9003,39,-1.2061,62.9743
95.9003,40,-0.7170,62.8704
95.9003,41,-0.2312,62.7522
95.9003,42,0.2500,62.6167
95.9003,43,0.7278,62.4693
95.9003,44,1.2006,62.3067
95.9003,45,1.3202,62.2653
96.9004,0,-13.2428,62.9980
96.9004,1,-12.7462,63.0554
96.9004,2,-12.2490,63.1083
96.9004,3,-11.7513,63.1560
96.9004,4,-11.2531,63.1976
96.9004,5,-10.7544,63.2343
96.9004,6,-10.2554,63.2653
96.9004,7,-9.7561,63.2907
96.9004,8,-9.2565,63.3108
96.9004,9,-8.7567,63.3247
96.9004,10,-8.2568,63.3331
96.9004,11,-7.7568,63.3365
96.9004,12,-7.2568,63.3328
96.9004,13,-6.7569,63.3239
96.9004,14,-6.2571,63.3094
96.9004,15,-5.7576,63.2883
96.9004,16,-5.2583,63.2616
96.9004,17,-4.7594,63.2288
96.9004,18,-4.2609,63.1896
96.9004,19,-3.7629,63.1449
96.9004,20,-3.2656,63.0934
96.9004,21,-2.7689,63.0357
96.9004,22,-2.2730,62.9724
96.9004,23,-1.7780,62.9019
96.9004,24,-1.2839,62.8254
96.9004,25,-0.7908,62.7428
96.9004,26,-0.2989,62.6530
96.9004,27,0.1918,62.5572
96.9004,28,0.6812,62.4549
96.9004,29,1.1691,62.3456
96.9004,30,1.6556,62.2302
96.9004,31,2.1404,62.1080
96.9004,32,2.6235,61.9789
96.9004,33,3.1048,61.8437
96.9004,34,3.5841,61.7013
96.9004,35,4.0613,61.5520
96.9004,36,4.5366,61.3969
96.9004,37,5.0094,61.2343
96.9004,38,5.4801,61.0657
96.9004,39,5.9485,60.8907
96.9004,40,6.4139,60.7080
96.9004,41,6.8769,60.5193
96.9004,42,7.3373,60.3243
96.9004,43,7.7946,60.1221
96.9004,44,8.2497,59.9150
96.9004,45,8.6591,59.7225
96.9004,46,8.7437,59.6828
97.9005,0,-3.3353,63.1422
97.9005,1,-2.8399,63.0747
97.9005,2,-2.3454,63.0017
97.9005,3,-1.8517,62.9226
97.9005,4,-1.3591,62.8369
97.9005,5,-0.8676,62.7455
97.9005,6,-0.3771,62.6485
97.9005,7,0.1121,62.5454
97.9005,8,0.6001,62.4365
97.9005,9,1.0870,62.3225
97.9005,10,1.5724,62.2028
97.9005,11,2.0564,62.0773
97.9005,12,2.5391,61.9470
97.9005,13,3.0204,61.8115
97.9005,14,3.5000,61.6702
97.9005,15,3.9783,61.5246
97.9005,16,4.4551,61.3742
97.9005,17,4.9300,61.2180
97.9005,18,5.4036,61.0577
97.9005,19,5.8756,60.8929
97.9005,20,6.3458,60.7228
97.9005,21,6.8144,60.5486
97.9005,22,7.2815,60.3703
97.9005,23,7.7467,60.1871
97.9005,24,8.2102,59.9997
97.9005,25,8.6722,59.8086
97.9005,26,9.1323,59.6129
97.9005,27,9.5907,59.4130
97.9005,28,10.0474,59.2097
97.9005,29,10.5024,59.0022
97.9005,30,10.9554,58.7906
97.9005,31,11.4068,58.5757
97.9005,32,11.8565,58.3571
97.9005,33,12.3040,58.1342
97.9005,34,12.7500,57.9083
97.9005,35,13.1944,57.6791
97.9005,36,13.6364,57.4455
97.9005,37,14.0768,57.2091
97.9005,38,14.5156,56.9696
97.9005,39,14.9521,56.7262
97.9005,40,15.3870,56.4799
97.9005,41,15.8202,56.2309
97.9005,42,16.1072,56.0571
97.9005,43,16.2732,55.9455
97.9005,44,16.4380,55.8323
97.9005,45,16.6014,55.7169
97.9005,46,16.7629,55.5989
97.9005,47,16.9231,55.4793
97.9005,48,17.0819,55.3577
97.9005,49,17.2385,55.2333
97.9005,50,17.3194,55.1688
98.9500,0,6.5716,60.5349
98.9500,1,7.0367,60.3515
98.9500,2,7.5025,60.1697
98.9500,3,7.9685,59.9887
98.9500,4,8.4347,59.8079
98.9500,5,8.9006,59.6265
98.9500,6,9.3661,59.4439
98.9500,7,9.8308,59.2594
98.9500,8,10.2945,59.0725
98.9500,9,10.7573,58.8831
98.9500,10,11.2181,58.6891
98.9500,11,11.6776,58.4920
98.9500,12,12.1350,58.2900
98.9500,13,12.5898,58.0823
98.9500,14,13.0426,57.8702
98.9500,15,13.4915,57.6501
98.9500,16,13.9375,57.4240
98.9500,17,14.3796,57.1906
98.9500,18,14.8167,56.9478
98.9500,19,15.2496,56.6976
98.9500,20,15.6760,56.4366
98.9500,21,16.0962,56.1657
98.9500,22,16.5097,55.8847
98.9500,23,16.9135,55.5898
98.9500,24,17.3091,55.2842
98.9500,25,17.6943,54.9655
98.9500,26,18.0654,54.6304
98.9500,27,18.4242,54.2824
98.9500,28,18.7684,53.9198
98.9500,29,19.0926,53.5393
98.9500,30,19.3983,53.1438
98.9500,31,19.6829,52.7329
98.9500,32,19.9420,52.3053
98.9500,33,20.1751,51.8633
98.9500,34,20.3802,51.4076
98.9500,35,20.5554,50.9393
98.9500,36,20.6976,50.4603
98.9500,37,20.8068,49.9727
98.9500,38,20.8775,49.4779
98.9500,39,20.9056,48.9790
98.9500,40,20.9074,48.4793
98.9500,41,20.8798,47.9801
98.9500,42,20.8198,47.4841
98.9500,43,20.7400,46.9906
98.9500,44,20.6428,46.5511
98.9500,45,20.5997,46.3649
99.9506,0,14.5212,57.1001
99.9506,1,14.9590,56.8591
99.9506,2,15.3922,56.6096
99.9506,3,15.8194,56.3499
99.9506,4,16.2401,56.0798
99.9506,5,16.6539,55.7993
99.9506,6,17.0594,55.5070
99.9506,7,17.4560,55.2027
99.9506,8,17.8420,54.8852
99.9506,9,18.2162,54.5542
99.9506,10,18.5782,54.2099
99.9506,11,18.9238,53.8489
99.9506,12,19.2522,53.4724
99.9506,13,19.5623,53.0808
99.9506,14,19.8510,52.6729
99.9506,15,20.1123,52.2469
99.9506,16,20.3469,51.8059
99.9506,17,20.5539,51.3511
99.9506,18,20.7254,50.8816
99.9506,19,20.8597,50.4004
99.9506,20,20.9604,49.9112
99.9506,21,21.0256,49.4157
99.9506,22,21.0469,48.9166
99.9506,23,21.0359,48.4173
99.9506,24,20.9905,47.9196
99.9506,25,20.9076,47.4270
99.9506,26,20.8000,46.9388
99.9506,27,20.6579,46.4597
99.9506,28,20.5426,46.0917
101.0003,0,19.5626,52.9657
101.0003,1,19.8664,52.5700
101.0003,2,20.1170,52.1393
101.0003,3,20.3293,51.6884
101.0003,4,20.5065,51.2222
101.0003,5,20.6498,50.7439
101.0003,6,20.7624,50.2571
101.0003,7,20.8424,49.7637
101.0003,8,20.8915,49.2662
101.0003,9,20.9117,48.7669
101.0003,10,20.9016,48.2672
101.0003,11,20.8646,47.7688
101.0003,12,20.8023,47.2728
101.0003,13,20.7152,46.7806
101.0003,14,20.6028,46.2935
101.0003,15,20.4686,45.8119
101.0003,16,20.3164,45.3357
101.0003,17,20.1482,44.8649
101.0003,18,19.9658,44.3995
101.0003,19,19.7707,43.9391
101.0003,20,19.5652,43.4833
101.0003,21,19.3510,43.0315
101.0003,22,19.1324,42.5819
101.0003,23,19.0600,42.4280
102.0004,0,20.6791,48.4925
102.0004,1,20.7058,47.9933
102.0004,2,20.7103,47.4937
102.0004,3,20.6854,46.9946
102.0004,4,20.6297,46.4979
102.0004,5,20.5500,46.0046
102.0004,6,20.4400,45.5170
102.0004,7,20.3026,45.0365
102.0004,8,20.1416,44.5634
102.0004,9,19.9525,44.1007
102.0004,10,19.7390,43.6488
102.0004,11,19.5041,43.2077
102.0004,12,19.2447,42.7803
102.0004,13,18.9644,42.3665
102.0004,14,18.6659,41.9657
102.0004,15,18.3469,41.5808
102.0004,16,18.0107,41.2109
102.0004,17,17.6598,40.8550
102.0004,18,17.2920,40.5163
102.0004,19,16.9107,40.1932
102.0004,20,16.5173,39.8847
102.0004,21,16.1102,39.5946
102.0004,22,15.6923,39.3204
102.0004,23,15.2646,39.0615
102.0004,24,14.8257,38.8221
102.0004,25,14.3788,38.5983
102.0004,26,13.9242,38.3904
102.0004,27,13.4608,38.2026
102.0004,28,12.9917,38.0303
102.0004,29,12.5177,37.8713
102.0004,30,12.0352,37.7413
102.0004,31,11.5460,37.6431
102.0004,32,11.1096,37.5807
102.0004,33,10.9130,37.5438
102.0004,34,10.7156,37.5124
102.0004,35,10.5169,37.4893
102.0004,36,10.3175,37.4752
102.0004,37,10.1698,37.4669
103.0004,0,19.0196,42.7320
103.0004,1,18.7470,42.3129
103.0004,2,18.4579,41.9052
103.0004,3,18.1507,41.5109
103.0004,4,17.8218,41.1344
103.0004,5,17.4765,40.7731
103.0004,6,17.1145,40.4284
103.0004,7,16.7354,40.1025
103.0004,8,16.3407,39.7959
103.0004,9,15.9329,39.5068
103.0004,10,15.5128,39.2360
103.0004,11,15.0800,38.9858
103.0004,12,14.6373,38.7535
103.0004,13,14.1861,38.5385
103.0004,14,13.7272,38.3401
103.0004,15,13.2605,38.1609
103.0004,16,12.7884,37.9963
103.0004,17,12.3116,37.8461
103.0004,18,11.8302,37.7111
103.0004,19,11.3451,37.5902
103.0004,20,10.8572,37.4810
103.0004,21,10.3669,37.3832
103.0004,22,9.8742,37.2983
103.0004,23,9.3799,37.2228
103.0004,24,8.8844,37.1563
103.0004,25,8.3876,37.0998
103.0004,26,7.8900,37.0513
103.0004,27,7.3917,37.0098
103.0004,28,6.8929,36.9760
103.0004,29,6.3936,36.9487
103.0004,30,5.8941,36.9267
103.0004,31,5.3944,36.9103
103.0004,32,4.8945,36.8989
103.0004,33,4.3946,36.8914
103.0004,34,3.8946,36.8878
103.0004,35,3.3946,36.8876
103.0004,36,2.8946,36.8899
103.0004,37,2.3947,36.8945
103.0004,38,1.8947,36.9010
103.0004,39,1.3948,36.9085
103.0004,40,0.8948,36.9167
103.0004,41,0.3949,36.9252
103.0004,42,-0.1051,36.9325
103.0004,43,-0.6050,36.9369
103.0004,44,-1.1050,36.9401
103.0004,45,-1.6050,36.9397
103.0004,46,-1.9191,36.9379
103.0004,47,-2.1191,36.9367
103.0004,48,-2.3191,36.9333
103.0004,49,-2.3631,36.9325
104.0502,0,13.8077,38.5832
104.0502,1,13.3473,38.3883
104.0502,2,12.8823,38.2048
104.0502,3,12.4123,38.0341
104.0502,4,11.9370,37.8792
104.0502,5,11.4581,37.7357
104.0502,6,10.9757,37.6042
104.0502,7,10.4898,37.4866
104.0502,8,10.0013,37.3801
104.0502,9,9.5106,37.2842
104.0502,10,9.0178,37.2000
104.0502,11,8.5233,37.1261
104.0502,12,8.0276,37.0612
104.0502,13,7.5306,37.0060
104.0502,14,7.0328,36.9598
104.0502,15,6.5343,36.9210
104.0502,16,6.0353,36.8898
104.0502,17,5.5359,36.8663
104.0502,18,5.0362,36.8485
104.0502,19,4.5364,36.8364
104.0502,20,4.0364,36.8305
104.0502,21,3.5364,36.8288
104.0502,22,3.0364,36.8313
104.0502,23,2.5365,36.8381
104.0502,24,2.0366,36.8478
104.0502,25,1.5367,36.8601
104.0502,26,1.0369,36.8751
104.0502,27,0.5372,36.8916
104.0502,28,0.0375,36.9094
104.0502,29,-0.4621,36.9281
104.0502,30,-0.9618,36.9470
104.0502,31,-1.4614,36.9658
104.0502,32,-1.9611,36.9839
104.0502,33,-2.4608,37.0008
104.0502,34,-2.9606,37.0161
104.0502,35,-3.4604,37.0291
104.0502,36,-3.9603,37.0393
104.0502,37,-4.4602,37.0465
104.0502,38,-4.9602,37.0498
104.0502,39,-5.4602,37.0486
104.0502,40,-5.9602,37.0427
104.0502,41,-6.4600,37.0314
104.0502,42,-6.9597,37.0140
104.0502,43,-7.2676,37.0018
105.0502,0,5.0118,36.9432
105.0502,1,4.5120,36.9291
105.0502,2,4.0122,36.9172
105.0502,3,3.5123,36.9076
105.0502,4,3.0123,36.9004
105.0502,5,2.5123,36.8952
105.0502,6,2.0124,36.8918
105.0502,7,1.5124,36.8903
105.0502,8,1.0124,36.8906
105.0502,9,0.5124,36.8924
105.0502,10,0.0124,36.8957
105.0502,11,-0.4876,36.9004
105.0502,12,-0.9876,36.9062
105.0502,13,-1.4875,36.9131
105.0502,14,-1.9875,36.9211
105.0502,15,-2.4874,36.9299
105.0502,16,-2.9873,36.9394
105.0502,17,-3.4872,36.9495
105.0502,18,-3.9871,36.9601
105.0502,19,-4.4870,36.9710
105.0502,20,-4.9868,36.9822
105.0502,21,-5.4867,36.9936
105.0502,22,-5.9866,37.0049
105.0502,23,-6.4864,37.0161
105.0502,24,-6.9863,37.0271
105.0502,25,-7.4862,37.0377
105.0502,26,-7.9861,37.0478
105.0502,27,-8.4860,37.0573
105.0502,28,-8.9859,37.0661
105.0502,29,-9.4859,37.0741
105.0502,30,-9.9858,37.0811
105.0502,31,-10.4858,37.0870
105.0502,32,-10.9858,37.0916
105.0502,33,-11.4858,37.0951
105.0502,34,-11.9858,37.0970
105.0502,35,-12.4858,37.0974
105.0502,36,-12.9858,37.0961
105.0502,37,-13.4857,37.0931
105.0502,38,-13.9857,37.0880
105.0502,39,-14.4857,37.0810
105.0502,40,-14.9856,37.0722
105.0502,41,-15.4855,37.0615
105.0502,42,-15.9853,37.0475
105.0502,43,-16.4849,37.0287
105.0502,44,-16.9160,37.0091
105.0502,45,-17.1158,37.0015
105.0502,46,-17.3157,36.9930
105.0502,47,-17.5154,36.9833
105.0502,48,-17.7151,36.9724
105.0502,49,-17.8446,36.9651
106.0503,0,-8.5066,37.0289
106.0503,1,-9.0065,37.0244
106.0503,2,-9.5065,37.0221
106.0503,3,-10.0064,37.0221
106.0503,4,-10.5064,37.0244
106.0503,5,-11.0064,37.0279
106.0503,6,-11.5064,37.0326
106.0503,7,-12.0063,37.0382
106.0503,8,-12.5063,37.0439
106.0503,9,-13.0063,37.0497
106.0503,10,-13.5062,37.0551
106.0503,11,-14.0062,37.0597
106.0503,12,-14.5062,37.0631
106.0503,13,-15.0062,37.0650
106.0503,14,-15.5062,37.0652
106.0503,15,-16.0062,37.0628
106.0503,16,-16.5062,37.0581
106.0503,17,-17.0061,37.0504
106.0503,18,-17.5060,37.0389
106.0503,19,-18.0057,37.0244
106.0503,20,-18.5054,37.0052
106.0503,21,-19.0048,36.9814
106.0503,22,-19.5040,36.9535
106.0503,23,-20.0028,36.9193
106.0503,24,-20.5012,36.8799
106.0503,25,-20.9992,36.8345
106.0503,26,-21.4964,36.7819
106.0503,27,-21.9929,36.7234
106.0503,28,-22.4885,36.6567
106.0503,29,-22.9828,36.5820
106.0503,30,-23.4761,36.5006
106.0503,31,-23.9676,36.4087
106.0503,32,-24.4572,36.3076
106.0503,33,-24.9453,36.1990
106.0503,34,-25.4306,36.0787
106.0503,35,-25.9133,35.9486
106.0503,36,-26.3934,35.8092
106.0503,37,-26.8696,35.6571
106.0503,38,-27.3394,35.4863
106.0503,39,-27.8015,35.2956
106.0503,40,-28.2542,35.0839
106.0503,41,-28.7039,34.8658
106.0503,42,-29.1467,34.6338
106.0503,43,-29.4532,34.4590
106.0503,44,-29.6275,34.3609
106.0503,45,-29.7974,34.2554
106.0503,46,-29.8790,34.2048
107.0506,0,-19.9355,36.9526
107.0506,1,-20.4353,36.9402
107.0506,2,-20.9348,36.9196
107.0506,3,-21.4338,36.8885
107.0506,4,-21.9319,36.8455
107.0506,5,-22.4291,36.7936
107.0506,6,-22.9249,36.7287
107.0506,7,-23.4190,36.6529
107.0506,8,-23.9114,36.5659
107.0506,9,-24.4010,36.4649
107.0506,10,-24.8883,36.3531
107.0506,11,-25.3719,36.2263
107.0506,12,-25.8518,36.0861
107.0506,13,-26.3280,35.9338
107.0506,14,-26.7978,35.7629
107.0506,15,-27.2625,35.5786
107.0506,16,-27.7208,35.3787
107.0506,17,-28.1706,35.1606
107.0506,18,-28.6127,34.9273
107.0506,19,-29.0439,34.6744
107.0506,20,-29.4647,34.4047
107.0506,21,-29.8745,34.1183
107.0506,22,-30.2671,33.8089
107.0506,23,-30.6466,33.4837
107.0506,24,-31.0117,33.1421
107.0506,25,-31.3561,32.7799
107.0506,26,-31.6851,32.4036
107.0506,27,-31.9970,32.0128
107.0506,28,-32.2897,31.6077
107.0506,29,-32.5659,31.1911
107.0506,30,-32.8224,30.7619
107.0506,31,-33.0618,30.3231
107.0506,32,-33.2853,29.8760
107.0506,33,-33.4867,29.4184
107.0506,34,-33.6734,28.9547
107.0506,35,-33.8436,28.4846
107.0506,36,-33.9940,28.0079
107.0506,37,-34.1305,27.5270
107.0506,38,-34.2498,27.0415
107.0506,39,-34.3555,26.5529
107.0506,40,-34.4457,26.0612
107.0506,41,-34.5150,25.5662
107.0506,42,-34.5722,25.0696
107.0506,43,-34.6125,24.5713
107.0506,44,-34.6388,24.0721
107.0506,45,-34.6518,23.5849
107.0506,46,-34.6524,23.3849
107.0506,47,-34.6521,23.2353
108.1006,0,-27.8653,35.3270
108.1006,1,-28.3189,35.1167
108.1006,2,-28.7642,34.8899
108.1006,3,-29.1963,34.6384
108.1006,4,-29.6147,34.3651
108.1006,5,-30.0213,34.0743
108.1006,6,-30.4089,33.7585
108.1006,7,-30.7807,33.4246
108.1006,8,-31.1366,33.0736
108.1006,9,-31.4717,32.7026
108.1006,10,-31.7902,32.3174
108.1006,11,-32.0895,31.9170
108.1006,12,-32.3683,31.5021
108.1006,13,-32.6310,31.0768
108.1006,14,-32.8747,30.6403
108.1006,15,-33.0988,30.1935
108.1006,16,-33.3082,29.7395
108.1006,17,-33.4996,29.2776
108.1006,18,-33.6747,28.8094
108.1006,19,-33.8363,28.3363
108.1006,20,-33.9806,27.8576
108.1006,21,-34.1131,27.3755
108.1006,22,-34.2320,26.8899
108.1006,23,-34.3368,26.4011
108.1006,24,-34.4320,25.9102
108.1006,25,-34.5141,25.4170
108.1006,26,-34.5855,24.9222
108.1006,27,-34.6482,24.4262
108.1006,28,-34.6992,23.9288
108.1006,29,-34.7421,23.4307
108.1006,30,-34.7755,22.9318
108.1006,31,-34.8009,22.4325
108.1006,32,-34.8188,21.9328
108.1006,33,-34.8274,21.4329
108.1006,34,-34.8303,20.9329
108.1006,35,-34.8254,20.4329
108.1006,36,-34.8136,19.9331
108.1006,37,-34.7965,19.4334
108.1006,38,-34.7720,18.9340
108.1006,39,-34.7420,18.4349
108.1006,40,-34.7062,17.9362
108.1006,41,-34.6644,17.4380
108.1006,42,-34.6180,16.9401
108.1006,43,-34.5664,16.4428
108.1006,44,-34.5104,15.9459
108.1006,45,-34.4506,15.4495
108.1006,46,-34.4013,15.0602
108.1006,47,-34.3950,15.0099
109.1502,0,-32.6713,30.6539
109.1502,1,-32.8909,30.2048
109.1502,2,-33.0995,29.7505
109.1502,3,-33.2965,29.2910
109.1502,4,-33.4805,28.8261
109.1502,5,-33.6522,28.3566
109.1502,6,-33.8129,27.8832
109.1502,7,-33.9619,27.4059
109.1502,8,-34.0978,26.9248
109.1502,9,-34.2233,26.4408
109.1502,10,-34.3378,25.9542
109.1502,11,-34.4402,25.4648
109.1502,12,-34.5318,24.9733
109.1502,13,-34.6133,24.4800
109.1502,14,-34.6843,23.9851
109.1502,15,-34.7440,23.4887
109.1502,16,-34.7944,22.9913
109.1502,17,-34.8356,22.4930
109.1502,18,-34.8655,21.9939
109.1502,19,-34.8868,21.4944
109.1502,20,-34.8995,20.9946
109.1502,21,-34.9021,20.4946
109.1502,22,-34.8961,19.9947
109.1502,23,-34.8820,19.4949
109.1502,24,-34.8591,18.9954
109.1502,25,-34.8274,18.4965
109.1502,26,-34.7884,17.9980
109.1502,27,-34.7415,17.5002
109.1502,28,-34.6857,17.0034
109.1502,29,-34.6231,16.5073
109.1502,30,-34.5534,16.0122
109.1502,31,-34.4752,15.5184
109.1502,32,-34.3903,15.0257
109.1502,33,-34.2987,14.5341
109.1502,34,-34.1993,14.0441
109.1502,35,-34.0933,13.5555
109.1502,36,-33.9808,13.0683
109.1502,37,-33.8613,12.5828
109.1502,38,-33.7349,12.0991
109.1502,39,-33.6025,11.6170
109.1502,40,-33.4638,11.1367
109.1502,41,-33.3140,10.6597
109.1502,42,-33.1526,10.1865
109.1502,43,-32.9808,9.7170
109.1502,44,-32.8027,9.2498
109.1502,45,-32.6181,8.7852
109.1502,46,-32.4711,8.4322
109.1502,47,-32.3939,8.2477
109.1502,48,-32.3132,8.0647
109.1502,49,-32.2727,7.9733
110.1507,0,-34.6926,23.0800
110.1507,1,-34.7183,22.5807
110.1507,2,-34.7395,22.0812
110.1507,3,-34.7560,21.5815
110.1507,4,-34.7672,21.0816
110.1507,5,-34.7727,20.5817
110.1507,6,-34.7732,20.0817
110.1507,7,-34.7682,19.5817
110.1507,8,-34.7568,19.0819
110.1507,9,-34.7397,18.5822
110.1507,10,-34.7166,18.0827
110.1507,11,-34.6869,17.5836
110.1507,12,-34.6504,17.0850
110.1507,13,-34.6074,16.5868
110.1507,14,-34.5573,16.0893
110.1507,15,-34.4994,15.5927
110.1507,16,-34.4343,15.0970
110.1507,17,-34.3616,14.6023
110.1507,18,-34.2799,14.1091
110.1507,19,-34.1901,13.6172
110.1507,20,-34.0922,13.1269
110.1507,21,-33.9838,12.6388
110.1507,22,-33.8665,12.1528
110.1507,23,-33.7401,11.6691
110.1507,24,-33.6022,11.1885
110.1507,25,-33.4541,10.7110
110.1507,26,-33.2955,10.2369
110.1507,27,-33.1250,9.7669
110.1507,28,-32.9425,9.3014
110.1507,29,-32.7482,8.8408
110.1507,30,-32.5417,8.3854
110.1507,31,-32.3210,7.9368
110.1507,32,-32.0874,7.4949
110.1507,33,-31.8409,7.0599
110.1507,34,-31.5795,6.6337
110.1507,35,-31.3036,6.2168
110.1507,36,-31.0140,5.8094
110.1507,37,-30.7107,5.4120
110.1507,38,-30.3911,5.0276
110.1507,39,-30.0578,4.6551
110.1507,40,-29.7109,4.2952
110.1507,41,-29.3435,3.9564
110.1507,42,-28.9524,3.6457
110.1507,43,-28.5417,3.3617
110.1507,44,-28.1225,3.0896
110.1507,45,-27.6905,2.8385
110.1507,46,-27.3710,2.6707
110.1507,47,-27.1942,2.5773
110.1507,48,-27.0122,2.4944
110.1507,49,-26.9339,2.4587
111.2004,0,-33.9986,12.5339
111.2004,1,-33.8957,12.0446
111.2004,2,-33.7813,11.5580
111.2004,3,-33.6533,11.0747
111.2004,4,-33.5089,10.5961
111.2004,5,-33.3524,10.1213
111.2004,6,-33.1813,9.6516
111.2004,7,-32.9941,9.1880
111.2004,8,-32.7939,8.7299
111.2004,9,-32.5788,8.2786
111.2004,10,-32.3475,7.8354
111.2004,11,-32.1027,7.3995
111.2004,12,-31.8427,6.9726
111.2004,13,-31.5663,6.5560
111.2004,14,-31.2761,6.1490
111.2004,15,-30.9709,5.7530
111.2004,16,-30.6491,5.3704
111.2004,17,-30.3137,4.9998
111.2004,18,-29.9642,4.6423
111.2004,19,-29.5980,4.3019
111.2004,20,-29.2194,3.9756
111.2004,21,-28.8280,3.6647
111.2004,22,-28.4229,3.3716
111.2004,23,-28.0075,3.0936
111.2004,24,-27.5822,2.8309
111.2004,25,-27.1469,2.5850
111.2004,26,-26.7036,2.3539
111.2004,27,-26.2531,2.1372
111.2004,28,-25.7954,1.9360
111.2004,29,-25.3318,1.7490
111.2004,30,-24.8630,1.5752
111.2004,31,-24.3892,1.4156
111.2004,32,-23.9112,1.2693
111.2004,33,-23.4296,1.1350
111.2004,34,-22.9446,1.0136
111.2004,35,-22.4567,0.9045
111.2004,36,-21.9665,0.8062
111.2004,37,-21.4740,0.7199
111.2004,38,-20.9797,0.6452
111.2004,39,-20.4839,0.5806
111.2004,40,-19.9868,0.5273
111.2004,41,-19.4886,0.4848
111.2004,42,-18.9897,0.4515
111.2004,43,-18.4903,0.4281
111.2004,44,-18.3379,0.4214
112.2505,0,-29.4116,4.2105
112.2505,1,-29.0511,3.8667
112.2505,2,-28.6673,3.5476
112.2505,3,-28.2637,3.2534
112.2505,4,-27.8446,2.9809
112.2505,5,-27.4126,2.7293
112.2505,6,-26.9695,2.4979
112.2505,7,-26.5179,2.2836
112.2505,8,-26.0600,2.0830
112.2505,9,-25.5956,1.8980
112.2505,10,-25.1259,1.7269
112.2505,11,-24.6521,1.5675
112.2505,12,-24.1743,1.4201
112.2505,13,-23.6931,1.2846
112.2505,14,-23.2090,1.1596
112.2505,15,-22.7226,1.0437
112.2505,16,-22.2341,0.9376
112.2505,17,-21.7436,0.8403
112.2505,18,-21.2519,0.7497
112.2505,19,-20.7588,0.6671
112.2505,20,-20.2646,0.5910
112.2505,21,-19.7696,0.5203
112.2505,22,-19.2739,0.4550
112.2505,23,-18.7776,0.3946
112.2505,24,-18.2808,0.3379
112.2505,25,-17.7837,0.2848
112.2505,26,-17.2862,0.2352
112.2505,27,-16.7884,0.1885
112.2505,28,-16.2903,0.1445
112.2505,29,-15.7921,0.1034
112.2505,30,-15.2936,0.0646
112.2505,31,-14.7950,0.0277
112.2505,32,-14.2962,-0.0069
112.2505,33,-13.7973,-0.0396
112.2505,34,-13.2983,-0.0712
112.2505,35,-12.7993,-0.1016
112.2505,36,-12.3001,-0.1307
112.2505,37,-11.8009,-0.1595
112.2505,38,-11.3018,-0.1880
112.2505,39,-10.8025,-0.2144
112.2505,40,-10.3029,-0.2350
112.2505,41,-9.8033,-0.2549
112.2505,42,-9.3037,-0.2750
112.2505,43,-8.8041,-0.2942
112.2505,44,-8.3045,-0.3125
112.2505,45,-7.9100,-0.3262
112.2505,46,-7.7100,-0.3286
112.2505,47,-7.5100,-0.3302
112.2505,48,-7.3100,-0.3310
112.2505,49,-7.3001,-0.3311
113.2507,0,-23.9333,1.5710
113.2507,1,-23.4542,1.4281
113.2507,2,-22.9732,1.2917
113.2507,3,-22.4902,1.1624
113.2507,4,-22.0050,1.0417
113.2507,5,-21.5183,0.9270
113.2507,6,-21.0302,0.8189
113.2507,7,-20.5404,0.7186
113.2507,8,-20.0494,0.6238
113.2507,9,-19.5574,0.5349
113.2507,10,-19.0641,0.4532
113.2507,11,-18.5701,0.3765
113.2507,12,-18.0752,0.3050
113.2507,13,-17.5795,0.2400
113.2507,14,-17.0831,0.1794
113.2507,15,-16.5863,0.1235
113.2507,16,-16.0888,0.0731
113.2507,17,-15.5910,0.0267
113.2507,18,-15.0928,-0.0158
113.2507,19,-14.5942,-0.0535
113.2507,20,-14.0954,-0.0879
113.2507,21,-13.5964,-0.1189
113.2507,22,-13.0971,-0.1460
113.2507,23,-12.5977,-0.1702
113.2507,24,-12.0982,-0.1918
113.2507,25,-11.5985,-0.2103
113.2507,26,-11.0988,-0.2265
113.2507,27,-10.5990,-0.2407
113.2507,28,-10.0991,-0.2525
113.2507,29,-9.5992,-0.2627
113.2507,30,-9.0993,-0.2714
113.2507,31,-8.5994,-0.2785
113.2507,32,-8.0994,-0.2846
113.2507,33,-7.5994,-0.2898
113.2507,34,-7.0995,-0.2942
113.2507,35,-6.5995,-0.2981
113.2507,36,-6.0995,-0.3017
113.2507,37,-5.5995,-0.3051
113.2507,38,-5.0995,-0.3087
113.2507,39,-4.5995,-0.3126
113.2507,40,-4.0995,-0.3171
113.2507,41,-3.5996,-0.3223
113.2507,42,-3.0996,-0.3284
113.2507,43,-2.5997,-0.3358
113.2507,44,-2.3353,-0.3400
114.3001,0,-14.4891,-0.0144
114.3001,1,-13.9905,-0.0521
114.3001,2,-13.4918,-0.0876
114.3001,3,-12.9929,-0.1207
114.3001,4,-12.4938,-0.1510
114.3001,5,-11.9946,-0.1788
114.3001,6,-11.4952,-0.2045
114.3001,7,-10.9958,-0.2279
114.3001,8,-10.4962,-0.2487
114.3001,9,-9.9966,-0.2675
114.3001,10,-9.4968,-0.2841
114.3001,11,-8.9970,-0.2985
114.3001,12,-8.4972,-0.3109
114.3001,13,-7.9973,-0.3214
114.3001,14,-7.4974,-0.3299
114.3001,15,-6.9974,-0.3364
114.3001,16,-6.4974,-0.3412
114.3001,17,-5.9975,-0.3442
114.3001,18,-5.4975,-0.3455
114.3001,19,-4.9975,-0.3451
114.3001,20,-4.4975,-0.3430
114.3001,21,-3.9975,-0.3396
114.3001,22,-3.4975,-0.3345
114.3001,23,-2.9975,-0.3280
114.3001,24,-2.4976,-0.3202
114.3001,25,-1.9977,-0.3110
114.3001,26,-1.4978,-0.3006
114.3001,27,-0.9979,-0.2889
114.3001,28,-0.4981,-0.2761
114.3001,29,0.0017,-0.2622
114.3001,30,0.5015,-0.2472
114.3001,31,1.0012,-0.2312
114.3001,32,1.5009,-0.2144
114.3001,33,2.0006,-0.1965
114.3001,34,2.5003,-0.1778
114.3001,35,2.9999,-0.1584
114.3001,36,3.4995,-0.1382
114.3001,37,3.9990,-0.1173
114.3001,38,4.4986,-0.0958
114.3001,39,4.9981,-0.0738
114.3001,40,5.4976,-0.0512
114.3001,41,5.9971,-0.0290
114.3001,42,6.4966,-0.0069
114.3001,43,6.9961,0.0155
114.3001,44,7.2477,0.0267
114.3001,45,7.4475,0.0357
114.3001,46,7.6473,0.0447
114.3001,47,7.8471,0.0537
114.3001,48,7.9313,0.0575
115.3512,0,-1.5670,-0.3044
115.3512,1,-1.0672,-0.2890
115.3512,2,-0.5674,-0.2736
115.3512,3,-0.0677,-0.2582
115.3512,4,0.4321,-0.2428
115.3512,5,0.9318,-0.2272
115.3512,6,1.4316,-0.2115
115.3512,7,1.9313,-0.1954
115.3512,8,2.4311,-0.1791
115.3512,9,2.9308,-0.1623
115.3512,10,3.4305,-0.1450
115.3512,11,3.9302,-0.1273
115.3512,12,4.4298,-0.1088
115.3512,13,4.9295,-0.0897
115.3512,14,5.4291,-0.0698
115.3512,15,5.9286,-0.0490
115.3512,16,6.4282,-0.0274
115.3512,17,6.9277,-0.0048
115.3512,18,7.4271,0.0189
115.3512,19,7.9265,0.0436
115.3512,20,8.4258,0.0697
115.3512,21,8.9251,0.0970
115.3512,22,9.4243,0.1253
115.3512,23,9.9233,0.1555
115.3512,24,10.4224,0.1870
115.3512,25,10.9213,0.2199
115.3512,26,11.4201,0.2546
115.3512,27,11.9187,0.2909
115.3512,28,12.4173,0.3290
115.3512,29,12.9157,0.3690
115.3512,30,13.4139,0.4107
115.3512,31,13.9120,0.4548
115.3512,32,14.4099,0.5007
115.3512,33,14.9076,0.5485
115.3512,34,15.4050,0.5991
115.3512,35,15.9022,0.6516
115.3512,36,16.3992,0.7063
115.3512,37,16.8959,0.7638
115.3512,38,17.3923,0.8235
115.3512,39,17.8883,0.8868
115.3512,40,18.3838,0.9541
115.3512,41,18.8789,1.0236
115.3512,42,19.3737,1.0956
115.3512,43,19.7389,1.1513
115.3512,44,19.9367,1.1812
115.3512,45,20.1342,1.2129
115.3512,46,20.2396,1.2298
116.4001,0,11.6850,0.2555
116.4001,1,12.1832,0.2981
116.4001,2,12.6812,0.3423
116.4001,3,13.1791,0.3882
116.4001,4,13.6768,0.4359
116.4001,5,14.1744,0.4851
116.4001,6,14.6718,0.5359
116.4001,7,15.1690,0.5885
116.4001,8,15.6661,0.6425
116.4001,9,16.1630,0.6980
116.4001,10,16.6597,0.7551
116.4001,11,17.1563,0.8137
116.4001,12,17.6527,0.8737
116.4001,13,18.1489,0.9352
116.4001,14,18.6449,0.9982
116.4001,15,19.1408,1.0624
116.4001,16,19.6364,1.1281
116.4001,17,20.1319,1.1951
116.4001,18,20.6272,1.2633
116.4001,19,21.1224,1.3329
116.4001,20,21.6173,1.4038
116.4001,21,22.1121,1.4758
116.4001,22,22.6067,1.5491
116.4001,23,23.1011,1.6236
116.4001,24,23.5954,1.6992
116.4001,25,24.0895,1.7759
116.4001,26,24.5834,1.8538
116.4001,27,25.0771,1.9327
116.4001,28,25.5707,2.0126
116.4001,29,26.0640,2.0937
116.4001,30,26.5573,2.1757
116.4001,31,27.0504,2.2586
116.4001,32,27.5432,2.3427
116.4001,33,28.0360,2.4275
116.4001,34,28.5286,2.5131
116.4001,35,29.0210,2.6000
116.4001,36,29.5132,2.6878
116.4001,37,30.0053,2.7766
116.4001,38,30.4971,2.8666
116.4001,39,30.9889,2.9571
116.4001,40,31.4805,3.0484
116.4001,41,31.9719,3.1406
116.4001,42,32.4631,3.2337
116.4001,43,32.6615,3.2716
116.4001,44,32.6768,3.2746
117.4005,0,24.6594,1.8560
117.4005,1,25.1527,1.9375
117.4005,2,25.6460,2.0191
117.4005,3,26.1392,2.1009
117.4005,4,26.6324,2.1830
117.4005,5,27.1256,2.2657
117.4005,6,27.6186,2.3489
117.4005,7,28.1115,2.4329
117.4005,8,28.6042,2.5178
117.4005,9,29.0968,2.6037
117.4005,10,29.5892,2.6907
117.4005,11,30.0813,2.7790
117.4005,12,30.5732,2.8686
117.4005,13,31.0648,2.9598
117.4005,14,31.5561,3.0526
117.4005,15,32.0471,3.1472
117.4005,16,32.5377,3.2436
117.4005,17,33.0279,3.3420
117.4005,18,33.5177,3.4427
117.4005,19,34.0070,3.5456
117.4005,20,34.4958,3.6509
117.4005,21,34.9840,3.7587
117.4005,22,35.4716,3.8692
117.4005,23,35.9586,3.9826
117.4005,24,36.4450,4.0985
117.4005,25,36.9306,4.2178
117.4005,26,37.4153,4.3403
117.4005,27,37.8993,4.4659
117.4005,28,38.3824,4.5948
117.4005,29,38.8644,4.7276
117.4005,30,39.3455,4.8639
117.4005,31,39.8256,5.0035
117.4005,32,40.3044,5.1476
117.4005,33,40.7819,5.2958
117.4005,34,41.2583,5.4476
117.4005,35,41.7332,5.6041
117.4005,36,42.2064,5.7655
117.4005,37,42.6784,5.9305
117.4005,38,43.1489,6.0998
117.4005,39,43.6172,6.2750
117.4005,40,44.0840,6.4540
117.4005,41,44.4486,6.5969
118.4503,0,35.8949,3.9981
118.4503,1,36.3806,4.1166
118.4503,2,36.8655,4.2379
118.4503,3,37.3499,4.3619
118.4503,4,37.8332,4.4900
118.4503,5,38.3159,4.6203
118.4503,6,38.7981,4.7524
118.4503,7,39.2798,4.8862
118.4503,8,39.7613,5.0207
118.4503,9,40.2427,5.1554
118.4503,10,40.7242,5.2903
118.4503,11,41.2058,5.4246
118.4503,12,41.6870,5.5605
118.4503,13,42.1673,5.6992
118.4503,14,42.6462,5.8430
118.4503,15,43.1231,5.9930
118.4503,16,43.5973,6.1514
118.4503,17,44.0676,6.3211
118.4503,18,44.5337,6.5018
118.4503,19,44.9936,6.6978
118.4503,20,45.4451,6.9123
118.4503,21,45.8874,7.1450
118.4503,22,46.3163,7.4018
118.4503,23,46.7257,7.6885
118.4503,24,47.1138,8.0029
118.4503,25,47.4744,8.3487
118.4503,26,47.7966,8.7307
118.4503,27,48.0776,9.1434
118.4503,28,48.3208,9.5796
118.4503,29,48.5234,10.0363
118.4503,30,48.6837,10.5097
118.4503,31,48.8132,10.9923
118.4503,32,48.9124,11.4821
118.4503,33,48.9823,11.9770
118.4503,34,49.0312,12.4744
118.4503,35,49.0623,12.9730
118.4503,36,49.0800,13.4724
118.4503,37,49.0906,13.9721
118.4503,38,49.0993,14.4719
118.4503,39,49.1092,14.9718
118.4503,40,49.1346,15.4709
118.4503,41,49.1855,15.9671
118.4503,42,49.2554,16.3183
118.4503,43,49.2629,16.5182
118.4503,44,49.2718,16.7180
118.4503,45,49.2827,16.9177
118.4503,46,49.2949,17.1173
118.4503,47,49.3083,17.3168
118.4503,48,49.3231,17.5163
118.4503,49,49.3391,17.7156
118.4503,50,49.3486,17.8313
119.4505,0,43.8466,6.1727
119.4505,1,44.3198,6.3337
119.4505,2,44.7880,6.5082
119.4505,3,45.2479,6.7041
119.4505,4,45.6963,6.9247
119.4505,5,46.1327,7.1681
119.4505,6,46.5506,7.4424
119.4505,7,46.9436,7.7510
119.4505,8,47.3098,8.0906
119.4505,9,47.6413,8.4642
119.4505,10,47.9287,8.8730
119.4505,11,48.1731,9.3086
119.4505,12,48.3809,9.7628
119.4505,13,48.5528,10.2322
119.4505,14,48.6910,10.7126
119.4505,15,48.8064,11.1989
119.4505,16,48.9015,11.6897
119.4505,17,48.9781,12.1838
119.4505,18,49.0419,12.6797
119.4505,19,49.0950,13.1768
119.4505,20,49.1380,13.6749
119.4505,21,49.1736,14.1736
119.4505,22,49.2037,14.6727
119.4505,23,49.2291,15.1721
119.4505,24,49.2520,15.6715
119.4505,25,49.2739,16.1711
119.4505,26,49.2959,16.6706
119.4505,27,49.3185,17.1701
119.4505,28,49.3416,17.6695
119.4505,29,49.3649,18.1690
119.4505,30,49.3878,18.6685
119.4505,31,49.4102,19.1679
119.4505,32,49.4316,19.6675
119.4505,33,49.4513,20.1671
119.4505,34,49.4694,20.6668
119.4505,35,49.4854,21.1665
119.4505,36,49.4986,21.6663
119.4505,37,49.5090,22.1662
119.4505,38,49.5163,22.6662
119.4505,39,49.5199,23.1661
119.4505,40,49.5194,23.6661
119.4505,41,49.5157,24.1660
119.4505,42,49.5153,24.4196
119.4505,43,49.5146,24.6196
119.4505,44,49.5130,24.8196
119.4505,45,49.5107,25.0196
119.4505,46,49.5068,25.2196
119.4505,47,49.5020,25.4195
119.4505,48,49.4962,25.6194
119.4505,49,49.4889,25.8193
119.4505,50,49.4862,25.8925
120.5002,0,48.1156,9.6825
120.5002,1,48.2875,10.1511
120.5002,2,48.4277,10.6307
120.5002,3,48.5515,11.1148
120.5002,4,48.6615,11.6023
120.5002,5,48.7624,12.0916
120.5002,6,48.8549,12.5827
120.5002,7,48.9391,13.0753
120.5002,8,49.0172,13.5689
120.5002,9,49.0883,14.0637
120.5002,10,49.1529,14.5594
120.5002,11,49.2122,15.0558
120.5002,12,49.2646,15.5530
120.5002,13,49.3116,16.0507
120.5002,14,49.3540,16.5489
120.5002,15,49.3898,17.0476
120.5002,16,49.4212,17.5466
120.5002,17,49.4484,18.0459
120.5002,18,49.4701,18.5454
120.5002,19,49.4881,19.0450
120.5002,20,49.5022,19.5448
120.5002,21,49.5123,20.0447
120.5002,22,49.5196,20.5447
120.5002,23,49.5233,21.0447
120.5002,24,49.5245,21.5446
120.5002,25,49.5237,22.0446
120.5002,26,49.5201,22.5446
120.5002,27,49.5149,23.0446
120.5002,28,49.5082,23.5445
120.5002,29,49.4998,24.0444
120.5002,30,49.4904,24.5443
120.5002,31,49.4801,25.0442
120.5002,32,49.4691,25.5441
120.5002,33,49.4576,26.0439
120.5002,34,49.4460,26.5438
120.5002,35,49.4344,27.0436
120.5002,36,49.4229,27.5435
120.5002,37,49.4123,28.0434
120.5002,38,49.4022,28.5433
120.5002,39,49.3930,29.0432
120.5002,40,49.3855,29.5431
120.5002,41,49.3790,30.0431
120.5002,42,49.3746,30.5431
120.5002,43,49.3726,31.0430
120.5002,44,49.3726,31.5430
120.5002,45,49.3719,32.0429
120.5002,46,49.3706,32.2115
121.5002,0,49.3408,17.4867
121.5002,1,49.3666,17.9860
121.5002,2,49.3904,18.4854
121.5002,3,49.4119,18.9850
121.5002,4,49.4309,19.4846
121.5002,5,49.4480,19.9843
121.5002,6,49.4628,20.4841
121.5002,7,49.4755,20.9839
121.5002,8,49.4864,21.4838
121.5002,9,49.4951,21.9837
121.5002,10,49.5020,22.4837
121.5002,11,49.5073,22.9836
121.5002,12,49.5105,23.4836
121.5002,13,49.5121,23.9836
121.5002,14,49.5121,24.4836
121.5002,15,49.5104,24.9836
121.5002,16,49.5073,25.4836
121.5002,17,49.5027,25.9836
121.5002,18,49.4966,26.4836
121.5002,19,49.4893,26.9835
121.5002,20,49.4805,27.4834
121.5002,21,49.4706,27.9833
121.5002,22,49.4596,28.4832
121.5002,23,49.4473,28.9831
121.5002,24,49.4341,29.4829
121.5002,25,49.4199,29.9827
121.5002,26,49.4046,30.4824
121.5002,27,49.3886,30.9822
121.5002,28,49.3717,31.4819
121.5002,29,49.3541,31.9816
121.5002,30,49.3358,32.4813
121.5002,31,49.3168,32.9809
121.5002,32,49.2972,33.4805
121.5002,33,49.2772,33.9801
121.5002,34,49.2566,34.4797
121.5002,35,49.2356,34.9792
121.5002,36,49.2144,35.4788
121.5002,37,49.1926,35.9783
121.5002,38,49.1705,36.4778
121.5002,39,49.1479,36.9773
121.5002,40,49.1250,37.4768
121.5002,41,49.1020,37.9763
121.5002,42,49.0788,38.4757
121.5002,43,49.0556,38.9752
121.5002,44,49.0322,39.4746
121.5002,45,49.0137,39.8671
121.5002,46,49.0072,40.0053
122.5016,0,49.4268,30.1178
122.5016,1,49.4098,30.6175
122.5016,2,49.3924,31.1172
122.5016,3,49.3746,31.6169
122.5016,4,49.3563,32.1165
122.5016,5,49.3376,32.6162
122.5016,6,49.3184,33.1158
122.5016,7,49.2987,33.6154
122.5016,8,49.2786,34.1150
122.5016,9,49.2580,34.6146
122.5016,10,49.2369,35.1141
122.5016,11,49.2153,35.6137
122.5016,12,49.1932,36.1132
122.5016,13,49.1705,36.6127
122.5016,14,49.1473,37.1121
122.5016,15,49.1235,37.6116
122.5016,16,49.0992,38.1110
122.5016,17,49.0744,38.6104
122.5016,18,49.0489,39.1097
122.5016,19,49.0229,39.6090
122.5016,20,48.9962,40.1083
122.5016,21,48.9689,40.6076
122.5016,22,48.9411,41.1068
122.5016,23,48.9126,41.6060
122.5016,24,48.8834,42.1051
122.5016,25,48.8537,42.6043
122.5016,26,48.8233,43.1033
122.5016,27,48.7921,43.6024
122.5016,28,48.7603,44.1013
122.5016,29,48.7279,44.6003
122.5016,30,48.6947,45.0992
122.5016,31,48.6607,45.5980
122.5016,32,48.6262,46.0968
122.5016,33,48.5908,46.5956
122.5016,34,48.5547,47.0943
122.5016,35,48.5179,47.5929
122.5016,36,48.4802,48.0915
122.5016,37,48.4419,48.5900
122.5016,38,48.4024,49.0885
122.5016,39,48.3620,49.5868
122.5016,40,48.3209,50.0851
122.5016,41,48.2790,50.5834
122.5016,42,48.2363,51.0816
122.5016,43,48.2008,51.4874
122.5016,44,48.1831,51.6866
122.5016,45,48.1741,51.7875
123.5508,0,48.6291,46.0624
123.5508,1,48.5902,46.5609
123.5508,2,48.5514,47.0594
123.5508,3,48.5127,47.5579
123.5508,4,48.4739,48.0564
123.5508,5,48.4350,48.5549
123.5508,6,48.3960,49.0533
123.5508,7,48.3566,49.5518
123.5508,8,48.3169,50.0502
123.5508,9,48.2767,50.5486
123.5508,10,48.2360,51.0469
123.5508,11,48.1948,51.5452
123.5508,12,48.1528,52.0434
123.5508,13,48.1099,52.5416
123.5508,14,48.0664,53.0397
123.5508,15,48.0218,53.5377
123.5508,16,47.9761,54.0356
123.5508,17,47.9295,54.5334
123.5508,18,47.8816,55.0311
123.5508,19,47.8324,55.5287
123.5508,20,47.7819,56.0262
123.5508,21,47.7299,56.5234
123.5508,22,47.6764,57.0206
123.5508,23,47.6214,57.5175
123.5508,24,47.5645,58.0143
123.5508,25,47.5060,58.5109
123.5508,26,47.4456,59.0072
123.5508,27,47.3832,59.5033
123.5508,28,47.3188,59.9991
123.5508,29,47.2524,60.4947
123.5508,30,47.1835,60.9899
123.5508,31,47.1125,61.4849
123.5508,32,47.0393,61.9795
123.5508,33,46.9632,62.4736
123.5508,34,46.8850,62.9675
123.5508,35,46.8042,63.4609
123.5508,36,46.7202,63.9538
123.5508,37,46.6326,64.4461
123.5508,38,46.5398,64.9374
123.5508,39,46.4419,65.4277
123.5508,40,46.3424,65.9177
123.5508,41,46.2391,66.4069
123.5508,42,46.1626,66.7562
123.5508,43,46.1200,66.9517
123.5508,44,46.0753,67.1466
123.5508,45,46.0509,67.2527
124.6003,0,47.1217,61.4848
124.6003,1,47.0363,61.9774
124.6003,2,46.9512,62.4701
124.6003,3,46.8663,62.9628
124.6003,4,46.7811,63.4555
124.6003,5,46.6951,63.9481
124.6003,6,46.6078,64.4404
124.6003,7,46.5188,64.9324
124.6003,8,46.4276,65.4240
124.6003,9,46.3340,65.9152
124.6003,10,46.2374,66.4057
124.6003,11,46.1375,66.8957
124.6003,12,46.0336,67.3847
124.6003,13,45.9256,67.8729
124.6003,14,45.8134,68.3602
124.6003,15,45.6957,68.8461
124.6003,16,45.5724,69.3307
124.6003,17,45.4437,69.8138
124.6003,18,45.3081,70.2951
124.6003,19,45.1663,70.7745
124.6003,20,45.0168,71.2516
124.6003,21,44.8592,71.7262
124.6003,22,44.6947,72.1983
124.6003,23,44.5199,72.6667
124.6003,24,44.3364,73.1318
124.6003,25,44.1441,73.5934
124.6003,26,43.9399,74.0497
124.6003,27,43.7262,74.5017
124.6003,28,43.5018,74.9486
124.6003,29,43.2639,75.3883
124.6003,30,43.0155,75.8222
124.6003,31,42.7544,76.2486
124.6003,32,42.4787,76.6656
124.6003,33,42.1920,77.0752
124.6003,34,41.8909,77.4743
124.6003,35,41.5761,77.8626
124.6003,36,41.2499,78.2416
124.6003,37,40.9061,78.6046
124.6003,38,40.5457,78.9510
124.6003,39,40.1698,79.2805
124.6003,40,39.7745,79.5864
124.6003,41,39.3744,79.8861
124.6003,42,38.9599,80.1655
124.6003,43,38.5344,80.4278
124.6003,44,38.2103,80.6132
124.6003,45,38.0338,80.7071
124.6003,46,37.9520,80.7506
125.6004,0,44.5551,72.5418
125.6004,1,44.4001,73.0170
125.6004,2,44.2332,73.4880
125.6004,3,44.0503,73.9532
125.6004,4,43.8499,74.4111
125.6004,5,43.6375,74.8636
125.6004,6,43.4072,75.3074
125.6004,7,43.1634,75.7438
125.6004,8,42.9050,76.1718
125.6004,9,42.6304,76.5895
125.6004,10,42.3442,76.9994
125.6004,11,42.0406,77.3965
125.6004,12,41.7230,77.7825
125.6004,13,41.3935,78.1584
125.6004,14,41.0463,78.5180
125.6004,15,40.6863,78.8647
125.6004,16,40.3121,79.1961
125.6004,17,39.9233,79.5101
125.6004,18,39.5222,79.8083
125.6004,19,39.1054,80.0844
125.6004,20,38.6764,80.3407
125.6004,21,38.2367,80.5785
125.6004,22,37.7827,80.7876
125.6004,23,37.3189,80.9738
125.6004,24,36.8460,81.1356
125.6004,25,36.3639,81.2676
125.6004,26,35.8760,81.3748
125.6004,27,35.3822,81.4518
125.6004,28,34.8848,81.4988
125.6004,29,34.3858,81.5216
125.6004,30,33.8861,81.5141
125.6004,31,33.3872,81.4858
125.6004,32,32.8914,81.4259
125.6004,33,32.4061,81.3109
125.6004,34,31.9429,81.1605
125.6004,35,31.7491,81.1112
125.6004,36,31.5585,81.0514
125.6004,37,31.3696,80.9854
125.6004,38,31.1867,80.9047
125.6004,39,31.0291,80.8339
126.6005,0,40.5600,78.9292
126.6005,1,40.2156,79.2916
126.6005,2,39.8498,79.6320
126.6005,3,39.4616,79.9466
126.6005,4,39.0513,80.2321
126.6005,5,38.6209,80.4863
126.6005,6,38.1749,80.7116
126.6005,7,37.7147,80.9065
126.6005,8,37.2426,81.0705
126.6005,9,36.7605,81.2029
126.6005,10,36.2715,81.3068
126.6005,11,35.7777,81.3840
126.6005,12,35.2804,81.4342
126.6005,13,34.7811,81.4601
126.6005,14,34.2812,81.4612
126.6005,15,33.7817,81.4412
126.6005,16,33.2834,81.4003
126.6005,17,32.7870,81.3413
126.6005,18,32.2933,81.2624
126.6005,19,31.8026,81.1664
126.6005,20,31.3153,81.0547
126.6005,21,30.8315,80.9285
126.6005,22,30.3522,80.7863
126.6005,23,29.8774,80.6299
126.6005,24,29.4067,80.4612
126.6005,25,28.9409,80.2795
126.6005,26,28.4813,80.0826
126.6005,27,28.0271,79.8737
126.6005,28,27.5778,79.6545
126.6005,29,27.1343,79.4237
126.6005,30,26.6970,79.1812
126.6005,31,26.2977,78.9476
126.6005,32,26.2179,78.9008
127.6504,0,34.9727,81.2210
127.6504,1,34.4753,81.2714
127.6504,2,33.9765,81.3012
127.6504,3,33.4766,81.3056
127.6504,4,32.9771,81.2879
127.6504,5,32.4786,81.2503
127.6504,6,31.9824,81.1895
127.6504,7,31.4886,81.1119
127.6504,8,30.9987,81.0120
127.6504,9,30.5125,80.8957
127.6504,10,30.0312,80.7604
127.6504,11,29.5553,80.6078
127.6504,12,29.0849,80.4383
127.6504,13,28.6216,80.2505
127.6504,14,28.1646,80.0478
127.6504,15,27.7170,79.8253
127.6504,16,27.2762,79.5893
127.6504,17,26.8476,79.3320
127.6504,18,26.4279,79.0606
127.6504,19,26.0210,78.7700
127.6504,20,25.6275,78.4620
127.6504,21,25.2477,78.1368
127.6504,22,24.8859,77.7921
127.6504,23,24.5390,77.4321
127.6504,24,24.2162,77.0505
127.6504,25,23.9121,76.6540
127.6504,26,23.6349,76.2379
127.6504,27,23.3853,75.8053
127.6504,28,23.1619,75.3580
127.6504,29,22.9760,74.8943
127.6504,30,22.8173,74.4205
127.6504,31,22.7007,73.9344
127.6504,32,22.6198,73.4416
127.6504,33,22.5736,72.9439
127.6504,34,22.5719,72.4445
127.6504,35,22.5982,71.9453
127.6504,36,22.6712,71.4510
127.6504,37,22.7666,70.9604
127.6504,38,22.9053,70.4801
127.6504,39,23.0619,70.0055
127.6504,40,23.2565,69.5451
127.6504,41,23.4634,69.0900
127.6504,42,23.7053,68.6526
127.6504,43,23.9532,68.2184
127.6504,44,24.0270,68.0894
128.7003,0,27.6358,79.7740
128.7003,1,27.1734,79.5840
128.7003,2,26.7211,79.3729
128.7003,3,26.2871,79.1248
128.7003,4,25.8694,78.8513
128.7003,5,25.4734,78.5463
128.7003,6,25.1035,78.2109
128.7003,7,24.7548,77.8526
128.7003,8,24.4455,77.4605
128.7003,9,24.1588,77.0513
128.7003,10,23.9148,76.6151
128.7003,11,23.7031,76.1627
128.7003,12,23.5265,75.6952
128.7003,13,23.3901,75.2144
128.7003,14,23.2806,74.7269
128.7003,15,23.2020,74.2331
128.7003,16,23.1474,73.7364
128.7003,17,23.1088,73.2379
128.7003,18,23.0938,72.7386
128.7003,19,23.0842,72.2393
128.7003,20,23.0916,71.7408
128.7003,21,23.1024,71.2431
128.7003,22,23.1198,70.7465
128.7003,23,23.1409,70.2510
128.7003,24,23.1612,69.7561
128.7003,25,23.1819,69.2618
128.7003,26,23.1968,68.7679
128.7003,27,23.2055,68.2739
128.7003,28,23.2027,67.7800
128.7003,29,23.1891,67.2864
128.7003,30,23.1542,66.7929
128.7003,31,23.1042,66.3008
128.7003,32,23.0260,65.8111
128.7003,33,22.9239,65.3249
128.7003,34,22.7997,64.8430
128.7003,35,22.6409,64.3694
128.7003,36,22.4717,63.8995
128.7003,37,22.2802,63.4384
128.7003,38,22.0880,62.9813
128.7003,39,21.8957,62.5288
128.7003,40,21.6927,62.0867
128.7003,41,21.6771,61.7172
128.7003,42,21.7492,61.4865
128.7003,43,21.5927,61.3619
128.7003,44,21.4362,61.2374
128.7003,45,21.2871,61.1042
128.7003,46,21.1384,60.9704
128.7003,47,21.0883,60.7856
128.7003,48,21.1690,60.6478
128.7003,49,21.3536,60.5707
128.7003,50,21.5381,60.4937
129.7005,0,23.8679,76.4638
129.7005,1,23.6427,76.0176
129.7005,2,23.4490,75.5570
129.7005,3,23.2871,75.0844
129.7005,4,23.1624,74.6006
129.7005,5,23.0733,74.1087
129.7005,6,23.0144,73.6124
129.7005,7,22.9829,73.1136
129.7005,8,22.9817,72.6139
129.7005,9,23.0082,72.1146
129.7005,10,23.0587,71.6173
129.7005,11,23.1318,71.1229
129.7005,12,23.2276,70.6323
129.7005,13,23.3446,70.1462
129.7005,14,23.4801,69.6650
129.7005,15,23.6358,69.1900
129.7005,16,23.8086,68.7209
129.7005,17,23.9993,68.2587
129.7005,18,24.2069,67.8040
129.7005,19,24.4310,67.3572
129.7005,20,24.6702,66.9181
129.7005,21,24.9260,66.4885
129.7005,22,25.1989,66.0698
129.7005,23,25.4878,65.6618
129.7005,24,25.7915,65.2647
129.7005,25,26.1124,64.8814
129.7005,26,26.1924,64.7872
130.7006,0,23.2459,70.9645
130.7006,1,23.3178,70.4697
130.7006,2,23.4068,69.9780
130.7006,3,23.5234,69.4918
130.7006,4,23.6619,69.0116
130.7006,5,23.8220,68.5381
130.7006,6,24.0125,68.0760
130.7006,7,24.2224,67.6224
130.7006,8,24.4554,67.1802
130.7006,9,24.7127,66.7517
130.7006,10,24.9887,66.3350
130.7006,11,25.2856,65.9328
130.7006,12,25.6010,65.5450
130.7006,13,25.9310,65.1696
130.7006,14,26.2782,64.8099
130.7006,15,26.6390,64.4639
130.7006,16,27.0103,64.1292
130.7006,17,27.3943,63.8090
130.7006,18,27.7878,63.5006
130.7006,19,28.1889,63.2022
130.7006,20,28.5990,62.9162
130.7006,21,29.0151,62.6391
130.7006,22,29.4368,62.3705
130.7006,23,29.8647,62.1118
130.7006,24,30.2962,61.8593
130.7006,25,30.7320,61.6142
130.7006,26,31.1713,61.3755
130.7006,27,31.6131,61.1413
130.7006,28,32.0578,60.9128
130.7006,29,32.5044,60.6879
130.7006,30,32.9525,60.4662
130.7006,31,33.4022,60.2476
130.7006,32,33.8527,60.0307
130.7006,33,34.3040,59.8154
130.7006,34,34.7555,59.6006
130.7006,35,35.2071,59.3860
130.7006,36,35.6582,59.1704
130.7006,37,36.1087,58.9535
130.7006,38,36.5575,58.7331
130.7006,39,37.0024,58.5051
130.7006,40,37.4430,58.2689
130.7006,41,37.8788,58.0237
130.7006,42,38.3122,57.7746
130.7006,43,38.7387,57.5139
130.7006,44,38.9131,57.4070
130.7006,45,39.0814,57.2990
130.7006,46,39.2271,57.2026
131.7501,0,25.7153,65.5738
131.7501,1,26.0247,65.1811
131.7501,2,26.3502,64.8019
131.7501,3,26.6922,64.4373
131.7501,4,27.0513,64.0895
131.7501,5,27.4244,63.7568
131.7501,6,27.8095,63.4380
131.7501,7,28.2060,63.1335
131.7501,8,28.6133,62.8437
131.7501,9,29.0286,62.5653
131.7501,10,29.4510,62.2979
131.7501,11,29.8812,62.0430
131.7501,12,30.3161,61.7965
131.7501,13,30.7554,61.5578
131.7501,14,31.1995,61.3281
131.7501,15,31.6464,61.1039
131.7501,16,32.0957,60.8845
131.7501,17,32.5475,60.6703
131.7501,18,33.0005,60.4587
131.7501,19,33.4545,60.2492
131.7501,20,33.9091,60.0410
131.7501,21,34.3637,59.8328
131.7501,22,34.8179,59.6239
131.7501,23,35.2711,59.4127
131.7501,24,35.7230,59.1986
131.7501,25,36.1732,58.9811
131.7501,26,36.6204,58.7575
131.7501,27,37.0646,58.5280
131.7501,28,37.5055,58.2923
131.7501,29,37.9411,58.0470
131.7501,30,38.3714,57.7923
131.7501,31,38.7961,57.5286
131.7501,32,39.2127,57.2522
131.7501,33,39.6202,56.9626
131.7501,34,40.0190,56.6611
131.7501,35,40.4067,56.3455
131.7501,36,40.7798,56.0128
131.7501,37,41.1398,55.6660
131.7501,38,41.4857,55.3051
131.7501,39,41.8119,54.9263
131.7501,40,42.1198,54.5326
131.7501,41,42.4105,54.1260
131.7501,42,42.6408,53.7758
131.7501,43,42.7350,53.5995
131.7501,44,42.8213,53.4192
131.7501,45,42.8992,53.2350
131.7501,46,42.9629,53.0455
131.7501,47,43.0195,52.8538
131.7501,48,43.0670,52.6595
131.7501,49,43.1026,52.4628
131.7501,50,43.1312,52.2892
132.7501,0,31.1212,61.5291
132.7501,1,31.5694,61.3075
132.7501,2,32.0189,61.0884
132.7501,3,32.4693,60.8713
132.7501,4,32.9201,60.6552
132.7501,5,33.3710,60.4391
132.7501,6,33.8216,60.2224
132.7501,7,34.2714,60.0039
132.7501,8,34.7200,59.7833
132.7501,9,35.1674,59.5599
132.7501,10,35.6124,59.3319
132.7501,11,36.0553,59.0999
132.7501,12,36.4954,58.8626
132.7501,13,36.9319,58.6188
132.7501,14,37.3648,58.3687
132.7501,15,37.7930,58.1105
132.7501,16,38.2159,57.8439
132.7501,17,38.6333,57.5687
132.7501,18,39.0434,57.2826
132.7501,19,39.4458,56.9860
132.7501,20,39.8400,56.6785
132.7501,21,40.2236,56.3578
132.7501,22,40.5964,56.0248
132.7501,23,40.9579,55.6795
132.7501,24,41.3053,55.3200
132.7501,25,41.6387,54.9475
132.7501,26,41.9571,54.5622
132.7501,27,42.2579,54.1629
132.7501,28,42.5402,53.7504
132.7501,29,42.8036,53.3256
132.7501,30,43.0458,52.8882
132.7501,31,43.2645,52.4388
132.7501,32,43.4602,51.9789
132.7501,33,43.6324,51.5096
132.7501,34,43.7765,51.0310
132.7501,35,43.8951,50.5456
132.7501,36,43.9892,50.0546
132.7501,37,44.0522,49.5587
132.7501,38,44.0898,49.0604
132.7501,39,44.1025,48.5606
132.7501,40,44.0855,48.0611
132.7501,41,44.0477,47.5627
132.7501,42,43.9845,47.0668
132.7501,43,43.8991,46.5744
132.7501,44,43.7993,46.0876
132.7501,45,43.7898,46.0425
133.7504,0,38.3599,57.8621
133.7504,1,38.7974,57.6203
133.7504,2,39.2229,57.3584
133.7504,3,39.6349,57.0756
133.7504,4,40.0292,56.7682
133.7504,5,40.4094,56.4439
133.7504,6,40.7745,56.1025
133.7504,7,41.1199,55.7412
133.7504,8,41.4500,55.3658
133.7504,9,41.7641,54.9770
133.7504,10,42.0572,54.5720
133.7504,11,42.3337,54.1556
133.7504,12,42.5934,53.7285
133.7504,13,42.8309,53.2886
133.7504,14,43.0507,52.8397
133.7504,15,43.2522,52.3822
133.7504,16,43.4301,51.9150
133.7504,17,43.5890,51.4411
133.7504,18,43.7279,50.9609
133.7504,19,43.8411,50.4740
133.7504,20,43.9336,49.9828
133.7504,21,44.0037,49.4879
133.7504,22,44.0461,48.9898
133.7504,23,44.0653,48.4904
133.7504,24,44.0598,47.9906
133.7504,25,44.0245,47.4919
133.7504,26,43.9631,46.9960
133.7504,27,43.8749,46.5041
133.7504,28,43.7555,46.0187
133.7504,29,43.6074,45.5414
133.7504,30,43.4314,45.0738
133.7504,31,43.2252,44.6184
133.7504,32,42.9901,44.1775
133.7504,33,42.7294,43.7513
133.7504,34,42.4419,43.3423
133.7504,35,42.1294,42.9525
133.7504,36,41.8919,42.6739
134.8003,0,42.5952,53.4627
134.8003,1,42.9192,53.1781
134.8003,2,43.1478,52.7340
134.8003,3,43.3324,52.2701
134.8003,4,43.4903,51.7962
134.8003,5,43.6284,51.3158
134.8003,6,43.7451,50.8297
134.8003,7,43.8445,50.3398
134.8003,8,43.9265,49.8467
134.8003,9,43.9892,49.3508
134.8003,10,44.0339,48.8531
134.8003,11,44.0564,48.3539
134.8003,12,44.0527,47.8542
134.8003,13,44.0247,47.3554
134.8003,14,43.9693,46.8588
134.8003,15,43.8831,46.3666
134.8003,16,43.7622,45.8816
134.8003,17,43.6078,45.4063
134.8003,18,43.4211,44.9428
134.8003,19,43.2030,44.4933
134.8003,20,42.9546,44.0597
134.8003,21,42.6779,43.6435
134.8003,22,42.3737,43.2470
134.8003,23,42.0504,42.8662
134.8003,24,41.8604,42.6475
135.8016,0,43.9181,48.0406
135.8016,1,43.9567,47.5426
135.8016,2,43.9509,47.0430
135.8016,3,43.9017,46.5458
135.8016,4,43.8109,46.0545
135.8016,5,43.6806,45.5721
135.8016,6,43.5129,45.1014
135.8016,7,43.3100,44.6448
135.8016,8,43.0740,44.2044
135.8016,9,42.8072,43.7818
135.8016,10,42.5119,43.3788
135.8016,11,42.1898,42.9967
135.8016,12,41.8427,42.6372
135.8016,13,41.4720,42.3021
135.8016,14,41.0789,41.9936
135.8016,15,40.6647,41.7140
135.8016,16,40.2313,41.4650
135.8016,17,39.7807,41.2489
135.8016,18,39.3147,41.0684
135.8016,19,38.8357,40.9258
135.8016,20,38.3478,40.8170
135.8016,21,38.2904,40.8051
136.8506,0,42.0188,43.0362
136.8506,1,41.8121,42.5892
136.8506,2,41.5236,42.1863
136.8506,3,41.1674,41.8385
136.8506,4,40.7613,41.5487
136.8506,5,40.3208,41.3138
136.8506,6,39.8571,41.1283
136.8506,7,39.3780,40.9870
136.8506,8,38.8889,40.8856
136.8506,9,38.3935,40.8209
136.8506,10,37.8947,40.7909
136.8506,11,37.3950,40.7946
136.8506,12,36.8966,40.8321
136.8506,13,36.4022,40.9045
136.8506,14,35.9148,41.0139
136.8506,15,35.4387,41.1643
136.8506,16,34.9812,41.3641
136.8506,17,34.5737,41.5988
136.8506,18,34.5453,41.6185
137.9003,0,37.4236,40.9789
137.9003,1,36.9266,41.0264
137.9003,2,36.4340,41.1078
137.9003,3,35.9507,41.2347
137.9003,4,35.4797,41.4007
137.9003,5,35.0227,41.6022
137.9003,6,34.5865,41.8462
137.9003,7,34.1696,42.1213
137.9003,8,33.7740,42.4263
137.9003,9,33.4039,42.7623
137.9003,10,33.0550,43.1200
137.9003,11,32.7277,43.4976
137.9003,12,32.4243,43.8949
137.9003,13,32.1390,44.3053
137.9003,14,31.8705,44.7269
137.9003,15,31.6207,45.1600
137.9003,16,31.3840,45.6003
137.9003,17,31.1589,46.0467
137.9003,18,30.9470,46.4996
137.9003,19,30.7431,46.9561
137.9003,20,30.5473,47.4162
137.9003,21,30.3581,47.8789
137.9003,22,30.1732,48.3435
137.9003,23,29.9928,48.8098
137.9003,24,29.8145,49.2769
137.9003,25,29.6379,49.7447
137.9003,26,29.4620,50.2127
137.9003,27,29.2856,50.6806
137.9003,28,29.1078,51.1479
137.9003,29,28.9273,51.6142
137.9003,30,28.7438,52.0793
137.9003,31,28.5549,52.5422
137.9003,32,28.3607,53.0029
137.9003,33,28.1598,53.4608
137.9003,34,27.9503,53.9147
137.9003,35,27.7327,54.3649
137.9003,36,27.5044,54.8097
137.9003,37,27.2644,55.2483
137.9003,38,27.0137,55.6808
137.9003,39,26.7482,56.1045
137.9003,40,26.4689,56.5190
137.9003,41,26.1760,56.9241
137.9003,42,25.8653,57.3158
137.9003,43,25.5404,57.6955
137.9003,44,25.2000,58.0617
137.9003,45,24.8424,58.4109
137.9003,46,24.5658,58.6740
138.9005,0,33.0993,43.5795
138.9005,1,32.7805,43.9646
138.9005,2,32.4741,44.3596
138.9005,3,32.1814,44.7649
138.9005,4,31.9033,45.1804
138.9005,5,31.6365,45.6032
138.9005,6,31.3812,46.0330
138.9005,7,31.1373,46.4695
138.9005,8,30.9028,46.9111
138.9005,9,30.6769,47.3571
138.9005,10,30.4592,47.8072
138.9005,11,30.2481,48.2604
138.9005,12,30.0426,48.7162
138.9005,13,29.8419,49.1742
138.9005,14,29.6449,49.6337
138.9005,15,29.4504,50.0943
138.9005,16,29.2575,50.5556
138.9005,17,29.0650,51.0171
138.9005,18,28.8720,51.4783
138.9005,19,28.6775,51.9390
138.9005,20,28.4803,52.3984
138.9005,21,28.2797,52.8564
138.9005,22,28.0750,53.3126
138.9005,23,27.8650,53.7664
138.9005,24,27.6493,54.2174
138.9005,25,27.4274,54.6655
138.9005,26,27.1974,55.1094
138.9005,27,26.9594,55.5491
138.9005,28,26.7132,55.9843
138.9005,29,26.4563,56.4132
138.9005,30,26.1891,56.8358
138.9005,31,25.9122,57.2521
138.9005,32,25.6221,57.6592
138.9005,33,25.3199,58.0575
138.9005,34,25.0067,58.4472
138.9005,35,24.6792,58.8250
138.9005,36,24.3385,59.1907
138.9005,37,23.9862,59.5454
138.9005,38,23.6197,59.8855
138.9005,39,23.2401,60.2108
138.9005,40,22.8499,60.5233
138.9005,41,22.4459,60.8178
138.9005,42,22.0313,61.0970
138.9005,43,21.6097,61.3658
138.9005,44,21.5953,61.3749
139.9012,0,29.5862,50.2732
139.9012,1,29.4198,50.7447
139.9012,2,29.2434,51.2124
139.9012,3,29.0565,51.6761
139.9012,4,28.8572,52.1347
139.9012,5,28.6481,52.5887
139.9012,6,28.4296,53.0384
139.9012,7,28.1994,53.4822
139.9012,8,27.9596,53.9210
139.9012,9,27.7116,54.3550
139.9012,10,27.4529,54.7829
139.9012,11,27.1853,55.2052
139.9012,12,26.9102,55.6227
139.9012,13,26.6259,56.0340
139.9012,14,26.3332,56.4393
139.9012,15,26.0340,56.8399
139.9012,16,25.7269,57.2345
139.9012,17,25.4121,57.6229
139.9012,18,25.0916,58.0067
139.9012,19,24.7644,58.3847
139.9012,20,24.4305,58.7569
139.9012,21,24.0915,59.1244
139.9012,22,23.7468,59.4866
139.9012,23,23.3963,59.8432
139.9012,24,23.0415,60.1954
139.9012,25,22.6817,60.5426
139.9012,26,22.3170,60.8846
139.9012,27,21.9486,61.2226
139.9012,28,21.5761,61.5561
139.9012,29,21.1993,61.8848
139.9012,30,20.8194,62.2099
139.9012,31,20.4361,62.5309
139.9012,32,20.0492,62.8475
139.9012,33,19.6596,63.1609
139.9012,34,19.2673,63.4708
139.9012,35,18.8724,63.7775
139.9012,36,18.5477,64.0317
139.9012,37,18.3126,64.2181
139.9012,38,18.0768,64.4035
139.9012,39,17.8405,64.5883
139.9012,40,17.6042,64.7732
139.9012,41,17.3677,64.9578
139.9012,42,17.1728,65.1106
140.9499,0,24.4728,58.7482
140.9499,1,24.1138,59.0961
140.9499,2,23.7526,59.4418
140.9499,3,23.3893,59.7853
140.9499,4,23.0240,60.1266
140.9499,5,22.6568,60.4659
140.9499,6,22.2877,60.8032
140.9499,7,21.9169,61.1386
140.9499,8,21.5443,61.4720
140.9499,9,21.1701,61.8036
140.9499,10,20.7945,62.1336
140.9499,11,20.4173,62.4619
140.9499,12,20.0388,62.7886
140.9499,13,19.6590,63.1138
140.9499,14,19.2781,63.4376
140.9499,15,18.8959,63.7600
140.9499,16,18.5126,64.0811
140.9499,17,18.1284,64.4011
140.9499,18,17.7433,64.7199
140.9499,19,17.3572,65.0377
140.9499,20,16.9705,65.3546
140.9499,21,16.5830,65.6705
140.9499,22,16.1948,65.9856
140.9499,23,15.8060,66.3000
140.9499,24,15.4167,66.6138
140.9499,25,15.0269,66.9270
140.9499,26,14.6367,67.2396
140.9499,27,14.2462,67.5518
140.9499,28,13.8554,67.8638
140.9499,29,13.4645,68.1755
140.9499,30,13.0734,68.4870
140.9499,31,12.6822,68.7984
140.9499,32,12.2910,69.1098
140.9499,33,11.8999,69.4213
140.9499,34,11.5089,69.7330
140.9499,35,11.1181,70.0448
140.9499,36,10.7275,70.3570
140.9499,37,10.3373,70.6696
140.9499,38,9.9473,70.9825
140.9499,39,9.5576,71.2957
140.9499,40,9.1671,71.6081
140.9499,41,8.7760,71.9195
140.9499,42,8.3855,72.2317
140.9499,43,7.9953,72.5444
140.9499,44,7.6049,72.8568
140.9499,45,7.2617,73.1325
140.9499,46,7.1054,73.2573
140.9499,47,6.9492,73.3822
140.9499,48,6.8239,73.4825
141.9504,0,14.2702,67.5497
141.9504,1,13.8797,67.8619
141.9504,2,13.4892,68.1742
141.9504,3,13.0987,68.4864
141.9504,4,12.7081,68.7985
141.9504,5,12.3174,69.1106
141.9504,6,11.9267,69.4226
141.9504,7,11.5359,69.7345
141.9504,8,11.1450,70.0462
141.9504,9,10.7539,70.3578
141.9504,10,10.3627,70.6692
141.9504,11,9.9714,70.9804
141.9504,12,9.5799,71.2913
141.9504,13,9.1881,71.6021
141.9504,14,8.7962,71.9126
141.9504,15,8.4040,72.2227
141.9504,16,8.0116,72.5326
141.9504,17,7.6190,72.8422
141.9504,18,7.2261,73.1513
141.9504,19,6.8328,73.4602
141.9504,20,6.4393,73.7686
141.9504,21,6.0454,74.0766
141.9504,22,5.6512,74.3842
141.9504,23,5.2566,74.6913
141.9504,24,4.8617,74.9979
141.9504,25,4.4664,75.3040
141.9504,26,4.0706,75.6096
141.9504,27,3.6744,75.9147
141.9504,28,3.2779,76.2192
141.9504,29,2.8808,76.5231
141.9504,30,2.4833,76.8263
141.9504,31,2.0853,77.1290
141.9504,32,1.6868,77.4310
141.9504,33,1.2878,77.7323
141.9504,34,0.8882,78.0329
141.9504,35,0.4881,78.3327
141.9504,36,0.0875,78.6319
141.9504,37,-0.3136,78.9305
141.9504,38,-0.7154,79.2280
141.9504,39,-1.1179,79.5246
141.9504,40,-1.5211,79.8204
141.9504,41,-1.9247,80.1155
141.9504,42,-2.3289,80.4097
141.9504,43,-2.7338,80.7032
141.9504,44,-2.9224,80.8396
141.9504,45,-3.0738,80.9489
142.9513,0,2.2290,77.0099
142.9513,1,1.8253,77.3048
142.9513,2,1.4222,77.6006
142.9513,3,1.0198,77.8973
142.9513,4,0.6181,78.1950
142.9513,5,0.2167,78.4932
142.9513,6,-0.1842,78.7920
142.9513,7,-0.5849,79.0911
142.9513,8,-0.9855,79.3903
142.9513,9,-1.3860,79.6896
142.9513,10,-1.7866,79.9887
142.9513,11,-2.1875,80.2876
142.9513,12,-2.5887,80.5860
142.9513,13,-2.9903,80.8839
142.9513,14,-3.3924,81.1809
142.9513,15,-3.7953,81.4771
142.9513,16,-4.1988,81.7723
142.9513,17,-4.6034,82.0661
142.9513,18,-5.0089,82.3586
142.9513,19,-5.4154,82.6497
142.9513,20,-5.8233,82.9389
142.9513,21,-6.2324,83.2264
142.9513,22,-6.6429,83.5118
142.9513,23,-7.0550,83.7949
142.9513,24,-7.4685,84.0760
142.9513,25,-7.8840,84.3541
142.9513,26,-8.3013,84.6297
142.9513,27,-8.7202,84.9025
142.9513,28,-9.1415,85.1719
142.9513,29,-9.5645,85.4385
142.9513,30,-9.9899,85.7012
142.9513,31,-10.4176,85.9601
142.9513,32,-10.8472,86.2159
142.9513,33,-11.2800,86.4663
142.9513,34,-11.7148,86.7132
142.9513,35,-12.1518,86.9560
142.9513,36,-12.5919,87.1932
142.9513,37,-13.0342,87.4263
142.9513,38,-13.4793,87.6540
142.9513,39,-13.9324,87.8653
142.9513,40,-14.3909,88.0645
142.9513,41,-14.8557,88.2484
142.9513,42,-15.1321,88.3573
142.9513,43,-15.3175,88.4323
142.9513,44,-15.5047,88.5027
142.9513,45,-15.6926,88.5710
142.9513,46,-15.8818,88.6358
142.9513,47,-15.9354,88.6542
144.0011,0,-8.5364,84.7841
144.0011,1,-8.9610,85.0477
144.0011,2,-9.3844,85.3133
144.0011,3,-9.8074,85.5799
144.0011,4,-10.2301,85.8470
144.0011,5,-10.6536,86.1127
144.0011,6,-11.0786,86.3760
144.0011,7,-11.5055,86.6363
144.0011,8,-11.9351,86.8921
144.0011,9,-12.3674,87.1431
144.0011,10,-12.8039,87.3868
144.0011,11,-13.2442,87.6236
144.0011,12,-13.6887,87.8524
144.0011,13,-14.1390,88.0695
144.0011,14,-14.5942,88.2760
144.0011,15,-15.0551,88.4697
144.0011,16,-15.5226,88.6469
144.0011,17,-15.9957,88.8081
144.0011,18,-16.4752,88.9496
144.0011,19,-16.9610,89.0671
144.0011,20,-17.4517,89.1616
144.0011,21,-17.9469,89.2291
144.0011,22,-18.4451,89.2640
144.0011,23,-18.9445,89.2698
144.0011,24,-19.4436,89.2461
144.0011,25,-19.9392,89.1844
144.0011,26,-20.4295,89.0892
144.0011,27,-20.9129,88.9622
144.0011,28,-21.3851,88.7986
144.0011,29,-21.8442,88.6017
144.0011,30,-22.2895,88.3750
144.0011,31,-22.7176,88.1174
144.0011,32,-23.1270,87.8314
144.0011,33,-23.5196,87.5231
144.0011,34,-23.8923,87.1909
144.0011,35,-24.2459,86.8385
144.0011,36,-24.5119,86.5666
144.0011,37,-24.6486,86.4206
144.0011,38,-24.7790,86.2691
144.0011,39,-24.9047,86.1136
144.0011,40,-25.0204,85.9505
144.0011,41,-25.1310,85.7840
144.0011,42,-25.2362,85.6139
144.0011,43,-25.3314,85.4380
144.0011,44,-25.3883,85.3320
145.0503,0,-16.1012,88.8106
145.0503,1,-16.5697,88.9847
145.0503,2,-17.0467,89.1329
145.0503,3,-17.5332,89.2470
145.0503,4,-18.0275,89.3195
145.0503,5,-18.5255,89.3572
145.0503,6,-19.0251,89.3571
145.0503,7,-19.5227,89.3097
145.0503,8,-20.0151,89.2261
145.0503,9,-20.5002,89.1067
145.0503,10,-20.9754,88.9516
145.0503,11,-21.4369,88.7598
145.0503,12,-21.8861,88.5409
145.0503,13,-22.3221,88.2966
145.0503,14,-22.7427,88.0265
145.0503,15,-23.1483,87.7344
145.0503,16,-23.5408,87.4250
145.0503,17,-23.9201,87.0994
145.0503,18,-24.2837,86.7563
145.0503,19,-24.6357,86.4013
145.0503,20,-24.9760,86.0351
145.0503,21,-25.3024,85.6564
145.0503,22,-25.6182,85.2688
145.0503,23,-25.9236,84.8730
145.0503,24,-26.2165,84.4678
145.0503,25,-26.4999,84.0560
145.0503,26,-26.7749,83.6384
145.0503,27,-27.0416,83.2155
145.0503,28,-27.3007,82.7879
145.0503,29,-27.5490,82.3540
145.0503,30,-27.7918,81.9171
145.0503,31,-28.0297,81.4773
145.0503,32,-28.1870,81.1792
145.0503,33,-28.2805,81.0024
145.0503,34,-28.3715,80.8244
145.0503,35,-28.4007,80.7673
146.1003,0,-21.7728,88.4000
146.1003,1,-22.2200,88.1839
146.1003,2,-22.6442,87.9201
146.1003,3,-23.0525,87.6320
146.1003,4,-23.4467,87.3248
146.1003,5,-23.8308,87.0052
146.1003,6,-24.2033,86.6720
146.1003,7,-24.5661,86.3283
146.1003,8,-24.9200,85.9754
146.1003,9,-25.2618,85.6106
146.1003,10,-25.5951,85.2381
146.1003,11,-25.9186,84.8570
146.1003,12,-26.2301,84.4659
146.1003,13,-26.5328,84.0681
146.1003,14,-26.8242,83.6618
146.1003,15,-27.1048,83.2480
146.1003,16,-27.3761,82.8281
146.1003,17,-27.6341,82.3998
146.1003,18,-27.8820,81.9657
146.1003,19,-28.1183,81.5251
146.1003,20,-28.3406,81.0774
146.1003,21,-28.5514,80.6241
146.1003,22,-28.7474,80.1642
146.1003,23,-28.9295,79.6986
146.1003,24,-29.0988,79.2282
146.1003,25,-29.2508,78.7519
146.1003,26,-29.3889,78.2715
146.1003,27,-29.5126,77.7871
146.1003,28,-29.6193,77.2987
146.1003,29,-29.7116,76.8074
146.1003,30,-29.7867,76.3131
146.1003,31,-29.8449,75.8166
146.1003,32,-29.8868,75.3185
146.1003,33,-29.9086,74.8190
146.1003,34,-29.9148,74.3191
146.1003,35,-29.9053,73.8193
146.1003,36,-29.8763,73.3202
146.1003,37,-29.8319,72.8223
146.1003,38,-29.7811,72.3927
146.1003,39,-29.7755,72.3448
147.1004,0,-27.0772,83.1540
147.1004,1,-27.3680,82.7473
147.1004,2,-27.6447,82.3310
147.1004,3,-27.9070,81.9055
147.1004,4,-28.1541,81.4709
147.1004,5,-28.3837,81.0268
147.1004,6,-28.5988,80.5755
147.1004,7,-28.7990,80.1174
147.1004,8,-28.9834,79.6527
147.1004,9,-29.1503,79.1815
147.1004,10,-29.3026,78.7053
147.1004,11,-29.4394,78.2245
147.1004,12,-29.5591,77.7391
147.1004,13,-29.6617,77.2498
147.1004,14,-29.7490,76.7576
147.1004,15,-29.8202,76.2627
147.1004,16,-29.8727,75.7655
147.1004,17,-29.9082,75.2669
147.1004,18,-29.9274,74.7674
147.1004,19,-29.9292,74.2674
147.1004,20,-29.9110,73.7678
147.1004,21,-29.8757,73.2691
147.1004,22,-29.8225,72.7721
147.1004,23,-29.7505,72.2774
147.1004,24,-29.6573,71.7862
147.1004,25,-29.5464,71.2988
147.1004,26,-29.4161,70.8162
147.1004,27,-29.2663,70.3392
147.1004,28,-29.0948,69.8696
147.1004,29,-28.9048,69.4073
147.1004,30,-28.6950,68.9536
147.1004,31,-28.4658,68.5094
147.1004,32,-28.2130,68.0781
147.1004,33,-27.9363,67.6621
147.1004,34,-27.6364,67.2625
147.1004,35,-27.3208,66.8749
147.1004,36,-26.9859,66.5040
147.1004,37,-26.6356,66.1475
147.1004,38,-26.3841,65.9101
147.1004,39,-26.2339,65.7780
147.1004,40,-26.1997,65.7479
148.1015,0,-29.7847,76.0372
148.1015,1,-29.8651,75.5438
148.1015,2,-29.9208,75.0471
148.1015,3,-29.9521,74.5483
148.1015,4,-29.9588,74.0486
148.1015,5,-29.9416,73.5489
148.1015,6,-29.8991,73.0508
148.1015,7,-29.8349,72.5551
148.1015,8,-29.7494,72.0626
148.1015,9,-29.6431,71.5741
148.1015,10,-29.5145,71.0911
148.1015,11,-29.3660,70.6138
148.1015,12,-29.1987,70.1427
148.1015,13,-29.0125,69.6788
148.1015,14,-28.8059,69.2235
148.1015,15,-28.5816,68.7768
148.1015,16,-28.3401,68.3391
148.1015,17,-28.0811,67.9115
148.1015,18,-27.8028,67.4962
148.1015,19,-27.5087,67.0920
148.1015,20,-27.1983,66.7002
148.1015,21,-26.8714,66.3220
148.1015,22,-26.5271,65.9596
148.1015,23,-26.1681,65.6118
148.1015,24,-25.7939,65.2805
148.1015,25,-25.4045,64.9670
148.1015,26,-24.9997,64.6735
148.1015,27,-24.5820,64.3991
148.1015,28,-24.1513,64.1455
148.1015,29,-23.7082,63.9140
148.1015,30,-23.2533,63.7069
148.1015,31,-22.7890,63.5221
148.1015,32,-22.4469,63.3979
149.1498,0,-28.9700,69.7489
149.1498,1,-28.7911,69.2821
149.1498,2,-28.5946,68.8226
149.1498,3,-28.3752,68.3734
149.1498,4,-28.1313,67.9371
149.1498,5,-27.8677,67.5125
149.1498,6,-27.5810,67.1031
149.1498,7,-27.2719,66.7103
149.1498,8,-26.9443,66.3329
149.1498,9,-26.5969,65.9735
149.1498,10,-26.2295,65.6346
149.1498,11,-25.8469,65.3130
149.1498,12,-25.4493,65.0101
149.1498,13,-25.0355,64.7296
149.1498,14,-24.6102,64.4669
149.1498,15,-24.1741,64.2227
149.1498,16,-23.7270,63.9989
149.1498,17,-23.2713,63.7936
149.1498,18,-22.8083,63.6051
149.1498,19,-22.3384,63.4343
149.1498,20,-21.8624,63.2815
149.1498,21,-21.3819,63.1437
149.1498,22,-20.8973,63.0209
149.1498,23,-20.4086,62.9150
149.1498,24,-19.9174,62.8222
149.1498,25,-19.4238,62.7425
149.1498,26,-18.9280,62.6781
149.1498,27,-18.4309,62.6253
149.1498,28,-17.9326,62.5842
149.1498,29,-17.4334,62.5568
149.1498,30,-16.9337,62.5399
149.1498,31,-16.4338,62.5337
149.1498,32,-15.9339,62.5398
149.1498,33,-15.4341,62.5555
149.1498,34,-14.9348,62.5812
149.1498,35,-14.4362,62.6181
149.1498,36,-13.9384,62.6642
149.1498,37,-13.4415,62.7200
149.1498,38,-12.9460,62.7863
149.1498,39,-12.4517,62.8617
149.1498,40,-11.9589,62.9463
149.1498,41,-11.4681,63.0417
149.1498,42,-10.9791,63.1456
149.1498,43,-10.5967,63.2311
150.1504,0,-25.9376,65.5233
150.1504,1,-25.5576,65.1984
150.1504,2,-25.1661,64.8877
150.1504,3,-24.7613,64.5945
150.1504,4,-24.3406,64.3243
150.1504,5,-23.9093,64.0717
150.1504,6,-23.4669,63.8391
150.1504,7,-23.0127,63.6303
150.1504,8,-22.5497,63.4420
150.1504,9,-22.0790,63.2736
150.1504,10,-21.6015,63.1258
150.1504,11,-21.1174,63.0008
150.1504,12,-20.6292,62.8933
150.1504,13,-20.1374,62.8037
150.1504,14,-19.6426,62.7320
150.1504,15,-19.1457,62.6775
150.1504,16,-18.6474,62.6367
150.1504,17,-18.1482,62.6093
150.1504,18,-17.6484,62.5958
150.1504,19,-17.1485,62.5933
150.1504,20,-16.6485,62.6004
150.1504,21,-16.1488,62.6168
150.1504,22,-15.6495,62.6420
150.1504,23,-15.1505,62.6735
150.1504,24,-14.6519,62.7109
150.1504,25,-14.1537,62.7540
150.1504,26,-13.6559,62.8008
150.1504,27,-13.1584,62.8508
150.1504,28,-12.6612,62.9033
150.1504,29,-12.1641,62.9572
150.1504,30,-11.6671,63.0117
150.1504,31,-11.1701,63.0660
150.1504,32,-10.6729,63.1191
150.1504,33,-10.1755,63.1703
150.1504,34,-9.6779,63.2189
150.1504,35,-9.1799,63.2633
150.1504,36,-8.6815,63.3034
150.1504,37,-8.1827,63.3383
150.1504,38,-7.6835,63.3657
150.1504,39,-7.1839,63.3860
150.1504,40,-6.6841,63.3981
150.1504,41,-6.1841,63.3992
150.1504,42,-5.6843,63.3875
150.1504,43,-5.1850,63.3630
150.1504,44,-4.6864,63.3259
150.1504,45,-4.1892,63.2731
150.1504,46,-3.6939,63.2057
150.1504,47,-3.2008,63.1233
150.1504,48,-2.9644,63.0770
150.1504,49,-2.9279,63.0698
151.2002,0,-20.5901,63.0665
151.2002,1,-20.0987,62.9747
151.2002,2,-19.6050,62.8955
151.2002,3,-19.1094,62.8299
151.2002,4,-18.6120,62.7784
151.2002,5,-18.1137,62.7380
151.2002,6,-17.6146,62.7086
151.2002,7,-17.1149,62.6909
151.2002,8,-16.6150,62.6823
151.2002,9,-16.1150,62.6820
151.2002,10,-15.6150,62.6907
151.2002,11,-15.1153,62.7065
151.2002,12,-14.6158,62.7281
151.2002,13,-14.1166,62.7559
151.2002,14,-13.6176,62.7885
151.2002,15,-13.1189,62.8249
151.2002,16,-12.6205,62.8648
151.2002,17,-12.1223,62.9072
151.2002,18,-11.6243,62.9512
151.2002,19,-11.1263,62.9964
151.2002,20,-10.6284,63.0418
151.2002,21,-10.1304,63.0869
151.2002,22,-9.6324,63.1306
151.2002,23,-9.1341,63.1726
151.2002,24,-8.6357,63.2119
151.2002,25,-8.1369,63.2475
151.2002,26,-7.6380,63.2795
151.2002,27,-7.1387,63.3064
151.2002,28,-6.6391,63.3271
151.2002,29,-6.1394,63.3425
151.2002,30,-5.6394,63.3497
151.2002,31,-5.1394,63.3488
151.2002,32,-4.6395,63.3407
151.2002,33,-4.1399,63.3212
151.2002,34,-3.6408,63.2917
151.2002,35,-3.1423,63.2531
151.2002,36,-2.6451,63.2000
151.2002,37,-2.1493,63.1355
151.2002,38,-1.6551,63.0599
151.2002,39,-1.1638,62.9669
151.2002,40,-0.6751,62.8618
151.2002,41,-0.1893,62.7435
151.2002,42,0.2917,62.6067
151.2002,43,0.7689,62.4579
151.2002,44,1.2417,62.2951
151.2002,45,1.3360,62.2625
152.2511,0,-12.4072,63.0852
152.2511,1,-11.9099,63.1367
152.2511,2,-11.4121,63.1829
152.2511,3,-10.9138,63.2240
152.2511,4,-10.4150,63.2580
152.2511,5,-9.9158,63.2868
152.2511,6,-9.4164,63.3104
152.2511,7,-8.9167,63.3268
152.2511,8,-8.4168,63.3378
152.2511,9,-7.9169,63.3436
152.2511,10,-7.4169,63.3421
152.2511,11,-6.9169,63.3351
152.2511,12,-6.4171,63.3226
152.2511,13,-5.9175,63.3030
152.2511,14,-5.4181,63.2778
152.2511,15,-4.9191,63.2468
152.2511,16,-4.4206,63.2086
152.2511,17,-3.9225,63.1650
152.2511,18,-3.4250,63.1152
152.2511,19,-2.9282,63.0583
152.2511,20,-2.4322,62.9958
152.2511,21,-1.9369,62.9272
152.2511,22,-1.4427,62.8512
152.2511,23,-0.9494,62.7698
152.2511,24,-0.4572,62.6819
152.2511,25,0.0336,62.5867
152.2511,26,0.5233,62.4859
152.2511,27,1.0117,62.3787
152.2511,28,1.4984,62.2642
152.2511,29,1.9837,62.1439
152.2511,30,2.4673,62.0171
152.2511,31,2.9490,61.8831
152.2511,32,3.4291,61.7434
152.2511,33,3.9071,61.5968
152.2511,34,4.3830,61.4433
152.2511,35,4.8569,61.2841
152.2511,36,5.3286,61.1182
152.2511,37,5.7978,60.9455
152.2511,38,6.2647,60.7668
152.2511,39,6.7290,60.5811
152.2511,40,7.1906,60.3891
152.2511,41,7.6498,60.1912
152.2511,42,8.1060,59.9868
152.2511,43,8.5598,59.7768
152.2511,44,8.8138,59.6581
153.3002,0,-2.5806,63.0388
153.3002,1,-2.0878,62.9542
153.3002,2,-1.5958,62.8651
153.3002,3,-1.1047,62.7714
153.3002,4,-0.6146,62.6728
153.3002,5,-0.1254,62.5694
153.3002,6,0.3628,62.4614
153.3002,7,0.8500,62.3489
153.3002,8,1.3359,62.2313
153.3002,9,1.8208,62.1092
153.3002,10,2.3045,61.9826
153.3002,11,2.7870,61.8513
153.3002,12,3.2681,61.7152
153.3002,13,3.7479,61.5747
153.3002,14,4.2265,61.4299
153.3002,15,4.7034,61.2798
153.3002,16,5.1790,61.1255
153.3002,17,5.6532,60.9669
153.3002,18,6.1257,60.8034
153.3002,19,6.5966,60.6354
153.3002,20,7.0659,60.4630
153.3002,21,7.5335,60.2860
153.3002,22,7.9993,60.1043
153.3002,23,8.4634,59.9182
153.3002,24,8.9257,59.7278
153.3002,25,9.3859,59.5323
153.3002,26,9.8443,59.3326
153.3002,27,10.3007,59.1285
153.3002,28,10.7550,58.9196
153.3002,29,11.2072,58.7062
153.3002,30,11.6572,58.4883
153.3002,31,12.1051,58.2661
153.3002,32,12.5505,58.0388
153.3002,33,12.9935,57.8072
153.3002,34,13.4343,57.5712
153.3002,35,13.8724,57.3303
153.3002,36,14.3080,57.0847
153.3002,37,14.7410,56.8349
153.3002,38,15.1714,56.5805
153.3002,39,15.5989,56.3211
153.3002,40,16.0223,56.0554
153.3002,41,16.4391,55.7792
153.3002,42,16.8490,55.4929
153.3002,43,17.2534,55.1990
153.3002,44,17.6570,54.9038
153.3002,45,18.0533,54.5991
153.3002,46,18.2320,54.4610
153.3002,47,18.3891,54.3371
153.3002,48,18.5437,54.2121
154.3004,0,7.5132,60.2036
154.3004,1,7.9770,60.0168
154.3004,2,8.4410,59.8307
154.3004,3,8.9051,59.6445
154.3004,4,9.3688,59.4577
154.3004,5,9.8320,59.2693
154.3004,6,10.2943,59.0790
154.3004,7,10.7557,58.8862
154.3004,8,11.2154,58.6897
154.3004,9,11.6737,58.4898
154.3004,10,12.1302,58.2856
154.3004,11,12.5842,58.0763
154.3004,12,13.0359,57.8619
154.3004,13,13.4845,57.6411
154.3004,14,13.9298,57.4138
154.3004,15,14.3717,57.1797
154.3004,16,14.8088,56.9371
154.3004,17,15.2413,56.6862
154.3004,18,15.6686,56.4266
154.3004,19,16.0892,56.1562
154.3004,20,16.5027,55.8752
154.3004,21,16.9088,55.5836
154.3004,22,17.3051,55.2787
154.3004,23,17.6908,54.9607
154.3004,24,18.0654,54.6296
154.3004,25,18.4261,54.2834
154.3004,26,18.7708,53.9213
154.3004,27,19.0986,53.5440
154.3004,28,19.4079,53.1512
154.3004,29,19.6931,52.7406
154.3004,30,19.9539,52.3143
154.3004,31,20.1903,51.8739
154.3004,32,20.3963,51.4183
154.3004,33,20.5693,50.9495
154.3004,34,20.7113,50.4704
154.3004,35,20.8220,49.9828
154.3004,36,20.8919,49.4879
154.3004,37,20.9267,48.9894
154.3004,38,20.9355,48.4896
154.3004,39,20.9065,47.9905
154.3004,40,20.8509,47.4939
154.3004,41,20.7728,47.0000
154.3004,42,20.6630,46.5124
154.3004,43,20.5768,46.1595
155.3502,0,15.9465,56.2444
155.3502,1,16.3877,56.0101
155.3502,2,16.8165,55.7538
155.3502,3,17.2318,55.4760
155.3502,4,17.6320,55.1767
155.3502,5,18.0148,54.8552
155.3502,6,18.3792,54.5131
155.3502,7,18.7259,54.1531
155.3502,8,19.0533,53.7755
155.3502,9,19.3601,53.3809
155.3502,10,19.6421,52.9682
155.3502,11,19.9015,52.5411
155.3502,12,20.1369,52.1003
155.3502,13,20.3461,51.6464
155.3502,14,20.5268,51.1804
155.3502,15,20.6774,50.7039
155.3502,16,20.7991,50.2192
155.3502,17,20.8894,49.7278
155.3502,18,20.9477,49.2314
155.3502,19,20.9713,48.7321
155.3502,20,20.9624,48.2325
155.3502,21,20.9200,47.7347
155.3502,22,20.8443,47.2408
155.3502,23,20.7371,46.7526
155.3502,24,20.5985,46.2723
155.3502,25,20.5456,46.0975
156.4003,0,19.9433,51.8901
156.4003,1,20.1850,51.4526
156.4003,2,20.3958,50.9998
156.4003,3,20.5698,50.5315
156.4003,4,20.7043,50.0501
156.4003,5,20.8058,49.5609
156.4003,6,20.8723,49.0658
156.4003,7,20.9050,48.5670
156.4003,8,20.9062,48.0672
156.4003,9,20.8780,47.5683
156.4003,10,20.8222,47.0715
156.4003,11,20.7388,46.5787
156.4003,12,20.6309,46.0907
156.4003,13,20.5005,45.6081
156.4003,14,20.3462,45.1326
156.4003,15,20.1721,44.6640
156.4003,16,19.9787,44.2030
156.4003,17,19.7645,43.7514
156.4003,18,19.5336,43.3080
156.4003,19,19.2854,42.8740
156.4003,20,19.0161,42.4530
156.4003,21,18.7254,42.0464
156.4003,22,18.4103,41.6585
156.4003,23,18.0727,41.2900
156.4003,24,17.7226,40.9335
156.4003,25,17.3529,40.5973
156.4003,26,16.9667,40.2801
156.4003,27,16.7533,40.1171
156.4003,28,16.6002,40.0079
157.4007,0,20.5365,46.7509
157.4007,1,20.4758,46.2547
157.4007,2,20.3945,45.7616
157.4007,3,20.2873,45.2733
157.4007,4,20.1534,44.7917
157.4007,5,19.9954,44.3176
157.4007,6,19.8102,43.8533
157.4007,7,19.5982,43.4007
157.4007,8,19.3627,42.9599
157.4007,9,19.1027,42.5330
157.4007,10,18.8164,42.1232
157.4007,11,18.5099,41.7284
157.4007,12,18.1826,41.3507
157.4007,13,17.8358,40.9907
157.4007,14,17.4702,40.6496
157.4007,15,17.0898,40.3254
157.4007,16,16.6947,40.0192
157.4007,17,16.2859,39.7314
157.4007,18,15.8656,39.4608
157.4007,19,15.4351,39.2068
157.4007,20,14.9957,38.9683
157.4007,21,14.5470,38.7477
157.4007,22,14.0917,38.5414
157.4007,23,13.6301,38.3493
157.4007,24,13.1626,38.1722
157.4007,25,12.6901,38.0087
157.4007,26,12.2134,37.8583
157.4007,27,11.7324,37.7215
157.4007,28,11.2481,37.5977
157.4007,29,10.7610,37.4850
157.4007,30,10.2714,37.3832
157.4007,31,9.7798,37.2923
157.4007,32,9.2864,37.2120
157.4007,33,8.7911,37.1438
157.4007,34,8.2943,37.0876
157.4007,35,7.7968,37.0392
157.4007,36,7.2984,36.9993
157.4007,37,6.7994,36.9705
157.4007,38,6.3000,36.9486
157.4007,39,5.8003,36.9341
157.4007,40,5.3006,36.9182
157.4007,41,4.8008,36.9143
157.4007,42,4.3010,36.9227
157.4007,43,3.8353,36.9404
157.4007,44,3.6353,36.9421
157.4007,45,3.4353,36.9459
157.4007,46,3.2355,36.9529
157.4007,47,3.0357,36.9618
157.4007,48,2.8360,36.9727
157.4007,49,2.6364,36.9859
157.4007,50,2.6228,36.9868
158.4501,0,17.7018,41.0748
158.4501,1,17.3465,40.7232
158.4501,2,16.9784,40.3850
158.4501,3,16.5957,40.0632
158.4501,4,16.1986,39.7595
158.4501,5,15.7898,39.4719
158.4501,6,15.3690,39.2019
158.4501,7,14.9369,38.9504
158.4501,8,14.4953,38.7162
158.4501,9,14.0449,38.4991
158.4501,10,13.5862,38.3002
158.4501,11,13.1207,38.1178
158.4501,12,12.6494,37.9509
158.4501,13,12.1726,37.8007
158.4501,14,11.6913,37.6653
158.4501,15,11.2065,37.5430
158.4501,16,10.7183,37.4353
158.4501,17,10.2275,37.3400
158.4501,18,9.7347,37.2555
158.4501,19,9.2400,37.1829
158.4501,20,8.7440,37.1206
158.4501,21,8.2469,37.0667
158.4501,22,7.7488,37.0225
158.4501,23,7.2502,36.9858
158.4501,24,6.7511,36.9560
158.4501,25,6.2516,36.9336
158.4501,26,5.7519,36.9164
158.4501,27,5.2520,36.9046
158.4501,28,4.7521,36.8980
158.4501,29,4.2521,36.8948
158.4501,30,3.7521,36.8954
158.4501,31,3.2521,36.8991
158.4501,32,2.7522,36.9046
158.4501,33,2.2522,36.9124
158.4501,34,1.7523,36.9210
158.4501,35,1.2524,36.9303
158.4501,36,0.7525,36.9394
158.4501,37,0.2525,36.9479
158.4501,38,-0.2474,36.9553
158.4501,39,-0.7474,36.9602
158.4501,40,-1.2474,36.9626
158.4501,41,-1.7474,36.9621
158.4501,42,-2.2473,36.9564
158.4501,43,-2.7472,36.9462
158.4501,44,-3.2030,36.9328
159.4504,0,5.4660,36.8460
159.4504,1,4.9660,36.8483
159.4504,2,4.4660,36.8514
159.4504,3,3.9660,36.8553
159.4504,4,3.4661,36.8600
159.4504,5,2.9661,36.8655
159.4504,6,2.4661,36.8716
159.4504,7,1.9662,36.8784
159.4504,8,1.4662,36.8857
159.4504,9,0.9663,36.8934
159.4504,10,0.4664,36.9016
159.4504,11,-0.0335,36.9102
159.4504,12,-0.5335,36.9190
159.4504,13,-1.0334,36.9281
159.4504,14,-1.5333,36.9374
159.4504,15,-2.0332,36.9467
159.4504,16,-2.5331,36.9562
159.4504,17,-3.0330,36.9655
159.4504,18,-3.5329,36.9749
159.4504,19,-4.0329,36.9841
159.4504,20,-4.5328,36.9930
159.4504,21,-5.0327,37.0017
159.4504,22,-5.5326,37.0101
159.4504,23,-6.0326,37.0181
159.4504,24,-6.5325,37.0257
159.4504,25,-7.0324,37.0329
159.4504,26,-7.5324,37.0400
159.4504,27,-8.0324,37.0467
159.4504,28,-8.5323,37.0530
159.4504,29,-9.0323,37.0587
159.4504,30,-9.5323,37.0636
159.4504,31,-10.0322,37.0678
159.4504,32,-10.5322,37.0714
159.4504,33,-11.0322,37.0741
159.4504,34,-11.5322,37.0762
159.4504,35,-12.0322,37.0774
159.4504,36,-12.5322,37.0775
159.4504,37,-13.0322,37.0767
159.4504,38,-13.5322,37.0752
159.4504,39,-14.0322,37.0725
159.4504,40,-14.5322,37.0689
159.4504,41,-14.9755,37.0650
159.4504,42,-15.1754,37.0612
159.4504,43,-15.3754,37.0567
159.4504,44,-15.5753,37.0517
159.4504,45,-15.7752,37.0461
159.4504,46,-15.9751,37.0396
159.4504,47,-16.1750,37.0326
159.4504,48,-16.3749,37.0248
159.4504,49,-16.5747,37.0161
159.4504,50,-16.6852,37.0113
160.5006,0,-8.2616,37.0324
160.5006,1,-8.7615,37.0290
160.5006,2,-9.2615,37.0275
160.5006,3,-9.7614,37.0282
160.5006,4,-10.2614,37.0308
160.5006,5,-10.7614,37.0344
160.5006,6,-11.2614,37.0391
160.5006,7,-11.7613,37.0445
160.5006,8,-12.2613,37.0499
160.5006,9,-12.7613,37.0554
160.5006,10,-13.2612,37.0604
160.5006,11,-13.7612,37.0646
160.5006,12,-14.2612,37.0676
160.5006,13,-14.7612,37.0691
160.5006,14,-15.2612,37.0688
160.5006,15,-15.7612,37.0663
160.5006,16,-16.2611,37.0616
160.5006,17,-16.7611,37.0536
160.5006,18,-17.2609,37.0426
160.5006,19,-17.7607,37.0286
160.5006,20,-18.2604,37.0096
160.5006,21,-18.7598,36.9871
160.5006,22,-19.2591,36.9603
160.5006,23,-19.7580,36.9276
160.5006,24,-20.2566,36.8904
160.5006,25,-20.7547,36.8470
160.5006,26,-21.2523,36.7976
160.5006,27,-21.7492,36.7425
160.5006,28,-22.2452,36.6791
160.5006,29,-22.7403,36.6098
160.5006,30,-23.2343,36.5324
160.5006,31,-23.7267,36.4458
160.5006,32,-24.2178,36.3522
160.5006,33,-24.7070,36.2490
160.5006,34,-25.1941,36.1361
160.5006,35,-25.6792,36.0155
160.5006,36,-26.1614,35.8836
160.5006,37,-26.6408,35.7420
160.5006,38,-27.1164,35.5881
160.5006,39,-27.5802,35.4016
160.5006,40,-28.0342,35.1931
160.5006,41,-28.4761,34.9611
160.5006,42,-28.6641,34.8690
160.5006,43,-28.8424,34.7784
160.5006,44,-29.0174,34.6816
160.5006,45,-29.1893,34.5794
160.5006,46,-29.3543,34.4775
161.5514,0,-20.2440,36.9437
161.5514,1,-20.7437,36.9272
161.5514,2,-21.2430,36.9021
161.5514,3,-21.7416,36.8659
161.5514,4,-22.2392,36.8172
161.5514,5,-22.7358,36.7597
161.5514,6,-23.2308,36.6888
161.5514,7,-23.7237,36.6056
161.5514,8,-24.2149,36.5123
161.5514,9,-24.7029,36.4036
161.5514,10,-25.1881,36.2831
161.5514,11,-25.6697,36.1485
161.5514,12,-26.1468,35.9993
161.5514,13,-26.6198,35.8373
161.5514,14,-27.0860,35.6568
161.5514,15,-27.5464,35.4621
161.5514,16,-28.0005,35.2528
161.5514,17,-28.4441,35.0223
161.5514,18,-28.8795,34.7767
161.5514,19,-29.3050,34.5142
161.5514,20,-29.7169,34.2310
161.5514,21,-30.1165,33.9307
161.5514,22,-30.5015,33.6118
161.5514,23,-30.8694,33.2734
161.5514,24,-31.2225,32.9196
161.5514,25,-31.5566,32.5477
161.5514,26,-31.8732,32.1610
161.5514,27,-32.1743,31.7619
161.5514,28,-32.4556,31.3486
161.5514,29,-32.7190,30.9238
161.5514,30,-32.9674,30.4899
161.5514,31,-33.1946,30.0445
161.5514,32,-33.4064,29.5918
161.5514,33,-33.6015,29.1315
161.5514,34,-33.7775,28.6635
161.5514,35,-33.9395,28.1906
161.5514,36,-34.0831,27.7117
161.5514,37,-34.2107,27.2284
161.5514,38,-34.3261,26.7419
161.5514,39,-34.4226,26.2514
161.5514,40,-34.5038,25.7581
161.5514,41,-34.5692,25.2625
161.5514,42,-34.6194,24.7651
161.5514,43,-34.6553,24.2665
161.5514,44,-34.6759,23.7669
161.5514,45,-34.6823,23.2670
161.5514,46,-34.6819,23.0527
161.5514,47,-34.6819,23.0263
162.6005,0,-27.9123,35.3214
162.6005,1,-28.3641,35.1074
162.6005,2,-28.8077,34.8770
162.6005,3,-29.2377,34.6220
162.6005,4,-29.6539,34.3454
162.6005,5,-30.0583,34.0515
162.6005,6,-30.4439,33.7333
162.6005,7,-30.8133,33.3967
162.6005,8,-31.1671,33.0435
162.6005,9,-31.5001,32.6706
162.6005,10,-31.8165,32.2837
162.6005,11,-32.1138,31.8818
162.6005,12,-32.3906,31.4655
162.6005,13,-32.6515,31.0392
162.6005,14,-32.8937,30.6018
162.6005,15,-33.1161,30.1541
162.6005,16,-33.3238,29.6994
162.6005,17,-33.5142,29.2370
162.6005,18,-33.6879,28.7683
162.6005,19,-33.8481,28.2947
162.6005,20,-33.9916,27.8157
162.6005,21,-34.1230,27.3334
162.6005,22,-34.2411,26.8476
162.6005,23,-34.3449,26.3585
162.6005,24,-34.4391,25.8675
162.6005,25,-34.5206,25.3742
162.6005,26,-34.5912,24.8792
162.6005,27,-34.6533,24.3831
162.6005,28,-34.7036,23.8857
162.6005,29,-34.7456,23.3875
162.6005,30,-34.7786,22.8886
162.6005,31,-34.8032,22.3892
162.6005,32,-34.8206,21.8895
162.6005,33,-34.8286,21.3896
162.6005,34,-34.8307,20.8896
162.6005,35,-34.8255,20.3896
162.6005,36,-34.8129,19.8898
162.6005,37,-34.7952,19.3901
162.6005,38,-34.7704,18.8907
162.6005,39,-34.7397,18.3917
162.6005,40,-34.7035,17.8930
162.6005,41,-34.6610,17.3948
162.6005,42,-34.6140,16.8971
162.6005,43,-34.5620,16.3998
162.6005,44,-34.5054,15.9030
162.6005,45,-34.4451,15.4066
162.6005,46,-34.3989,15.0422
162.6005,47,-34.3947,15.0091
163.6507,0,-32.6859,30.5327
163.6507,1,-32.9096,30.0856
163.6507,2,-33.1217,29.6329
163.6507,3,-33.3206,29.1742
163.6507,4,-33.5068,28.7101
163.6507,5,-33.6801,28.2412
163.6507,6,-33.8413,27.7679
163.6507,7,-33.9903,27.2906
163.6507,8,-34.1268,26.8096
163.6507,9,-34.2517,26.3255
163.6507,10,-34.3643,25.8384
163.6507,11,-34.4665,25.3489
163.6507,12,-34.5567,24.8572
163.6507,13,-34.6355,24.3634
163.6507,14,-34.7049,23.8683
163.6507,15,-34.7629,23.3717
163.6507,16,-34.8104,22.8739
163.6507,17,-34.8486,22.3754
163.6507,18,-34.8772,21.8762
163.6507,19,-34.8956,21.3766
163.6507,20,-34.9049,20.8767
163.6507,21,-34.9061,20.3767
163.6507,22,-34.8972,19.8768
163.6507,23,-34.8797,19.3771
163.6507,24,-34.8550,18.8777
163.6507,25,-34.8212,18.3789
163.6507,26,-34.7787,17.8807
163.6507,27,-34.7296,17.3832
163.6507,28,-34.6724,16.8864
163.6507,29,-34.6067,16.3908
163.6507,30,-34.5347,15.8960
163.6507,31,-34.4555,15.4023
163.6507,32,-34.3679,14.9101
163.6507,33,-34.2742,14.4189
163.6507,34,-34.1743,13.9290
163.6507,35,-34.0659,13.4409
163.6507,36,-33.9516,12.9542
163.6507,37,-33.8316,12.4688
163.6507,38,-33.7035,11.9855
163.6507,39,-33.5694,11.5038
163.6507,40,-33.4296,11.0238
163.6507,41,-33.2781,10.5473
163.6507,42,-33.1136,10.0752
163.6507,43,-32.9395,9.6065
163.6507,44,-32.7613,9.1394
163.6507,45,-32.5744,8.6757
163.6507,46,-32.4549,8.3898
163.6507,47,-32.3769,8.2057
163.6507,48,-32.2953,8.0231
163.6507,49,-32.2747,7.9770
164.7004,0,-34.7410,22.3013
164.7004,1,-34.7568,21.8016
164.7004,2,-34.7680,21.3018
164.7004,3,-34.7742,20.8018
164.7004,4,-34.7753,20.3018
164.7004,5,-34.7708,19.8019
164.7004,6,-34.7607,19.3020
164.7004,7,-34.7451,18.8023
164.7004,8,-34.7237,18.3027
164.7004,9,-34.6957,17.8035
164.7004,10,-34.6615,17.3047
164.7004,11,-34.6210,16.8063
164.7004,12,-34.5734,16.3086
164.7004,13,-34.5186,15.8117
164.7004,14,-34.4566,15.3155
164.7004,15,-34.3873,14.8204
164.7004,16,-34.3094,14.3265
164.7004,17,-34.2234,13.8340
164.7004,18,-34.1298,13.3428
164.7004,19,-34.0260,12.8537
164.7004,20,-33.9131,12.3667
164.7004,21,-33.7915,11.8817
164.7004,22,-33.6595,11.3995
164.7004,23,-33.5164,10.9204
164.7004,24,-33.3632,10.4445
164.7004,25,-33.1997,9.9721
164.7004,26,-33.0229,9.5044
164.7004,27,-32.8343,9.0414
164.7004,28,-32.6342,8.5832
164.7004,29,-32.4215,8.1308
164.7004,30,-32.1939,7.6856
164.7004,31,-31.9535,7.2473
164.7004,32,-31.7001,6.8163
164.7004,33,-31.4321,6.3943
164.7004,34,-31.1483,5.9827
164.7004,35,-30.8507,5.5810
164.7004,36,-30.5396,5.1898
164.7004,37,-30.2131,4.8112
164.7004,38,-29.8713,4.4465
164.7004,39,-29.5142,4.0970
164.7004,40,-29.1348,3.7718
164.7004,41,-28.7313,3.4773
164.7004,42,-28.3122,3.2054
164.7004,43,-27.8869,2.9431
164.7004,44,-27.4460,2.7084
164.7004,45,-27.2686,2.6158
164.7004,46,-27.0882,2.5296
164.7004,47,-26.9277,2.4580
165.7506,0,-33.9269,12.2242
165.7506,1,-33.8193,11.7360
165.7506,2,-33.6989,11.2509
165.7506,3,-33.5646,10.7693
165.7506,4,-33.4138,10.2927
165.7506,5,-33.2496,9.8205
165.7506,6,-33.0712,9.3535
165.7506,7,-32.8758,8.8933
165.7506,8,-32.6666,8.4393
165.7506,9,-32.4433,7.9920
165.7506,10,-32.2024,7.5539
165.7506,11,-31.9472,7.1241
165.7506,12,-31.6783,6.7026
165.7506,13,-31.3916,6.2930
165.7506,14,-31.0902,5.8942
165.7506,15,-30.7751,5.5061
165.7506,16,-30.4438,5.1317
165.7506,17,-30.0972,4.7715
165.7506,18,-29.7374,4.4245
165.7506,19,-29.3633,4.0928
165.7506,20,-28.9746,3.7784
165.7506,21,-28.5744,3.4789
165.7506,22,-28.1634,3.1943
165.7506,23,-27.7402,2.9281
165.7506,24,-27.3083,2.6764
165.7506,25,-26.8685,2.4385
165.7506,26,-26.4198,2.2181
165.7506,27,-25.9644,2.0118
165.7506,28,-25.5035,1.8182
165.7506,29,-25.0362,1.6404
165.7506,30,-24.5640,1.4762
165.7506,31,-24.0879,1.3236
165.7506,32,-23.6074,1.1853
165.7506,33,-23.1235,1.0597
165.7506,34,-22.6370,0.9446
165.7506,35,-22.1475,0.8426
165.7506,36,-21.6558,0.7522
165.7506,37,-21.1623,0.6717
165.7506,38,-20.6670,0.6036
165.7506,39,-20.1703,0.5464
165.7506,40,-19.6727,0.4983
165.7506,41,-19.1740,0.4620
165.7506,42,-18.6748,0.4352
165.7506,43,-18.3386,0.4202
166.8009,0,-31.2645,6.1982
166.8009,1,-30.9738,5.7915
166.8009,2,-30.6674,5.3965
166.8009,3,-30.3422,5.0168
166.8009,4,-29.9999,4.6525
166.8009,5,-29.6418,4.3037
166.8009,6,-29.2669,3.9730
166.8009,7,-28.8778,3.6591
166.8009,8,-28.4757,3.3621
166.8009,9,-28.0603,3.0839
166.8009,10,-27.6341,2.8226
166.8009,11,-27.1981,2.5781
166.8009,12,-26.7524,2.3515
166.8009,13,-26.2992,2.1404
166.8009,14,-25.8395,1.9439
166.8009,15,-25.3728,1.7644
166.8009,16,-24.9013,1.5981
166.8009,17,-24.4257,1.4439
166.8009,18,-23.9457,1.3040
166.8009,19,-23.4625,1.1757
166.8009,20,-22.9767,1.0573
166.8009,21,-22.4884,0.9502
166.8009,22,-21.9981,0.8519
166.8009,23,-21.5062,0.7624
166.8009,24,-21.0128,0.6814
166.8009,25,-20.5185,0.6067
166.8009,26,-20.0230,0.5399
166.8009,27,-19.5267,0.4787
166.8009,28,-19.0299,0.4225
166.8009,29,-18.5324,0.3720
166.8009,30,-18.0347,0.3250
166.8009,31,-17.5365,0.2820
166.8009,32,-17.0381,0.2422
166.8009,33,-16.5395,0.2046
166.8009,34,-16.0408,0.1694
166.8009,35,-15.5419,0.1353
166.8009,36,-15.0430,0.1021
166.8009,37,-14.5441,0.0692
166.8009,38,-14.0452,0.0360
166.8009,39,-13.5464,0.0018
166.8009,40,-13.0477,-0.0343
166.8009,41,-12.5491,-0.0722
166.8009,42,-12.0509,-0.1140
166.8009,43,-11.5530,-0.1597
166.8009,44,-11.0555,-0.2094
166.8009,45,-10.5587,-0.2657
166.8009,46,-10.4212,-0.2815
167.8504,0,-26.6174,2.5075
167.8504,1,-26.1585,2.3090
167.8504,2,-25.6960,2.1192
167.8504,3,-25.2297,1.9389
167.8504,4,-24.7593,1.7693
167.8504,5,-24.2859,1.6087
167.8504,6,-23.8096,1.4567
167.8504,7,-23.3303,1.3142
167.8504,8,-22.8485,1.1806
167.8504,9,-22.3646,1.0548
167.8504,10,-21.8787,0.9372
167.8504,11,-21.3907,0.8282
167.8504,12,-20.9013,0.7260
167.8504,13,-20.4105,0.6308
167.8504,14,-19.9182,0.5435
167.8504,15,-19.4248,0.4622
167.8504,16,-18.9305,0.3870
167.8504,17,-18.4353,0.3184
167.8504,18,-17.9393,0.2552
167.8504,19,-17.4427,0.1971
167.8504,20,-16.9455,0.1444
167.8504,21,-16.4478,0.0965
167.8504,22,-15.9497,0.0528
167.8504,23,-15.4513,0.0133
167.8504,24,-14.9526,-0.0219
167.8504,25,-14.4536,-0.0540
167.8504,26,-13.9544,-0.0828
167.8504,27,-13.4551,-0.1082
167.8504,28,-12.9556,-0.1312
167.8504,29,-12.4560,-0.1518
167.8504,30,-11.9564,-0.1700
167.8504,31,-11.4566,-0.1865
167.8504,32,-10.9569,-0.2015
167.8504,33,-10.4571,-0.2150
167.8504,34,-9.9572,-0.2275
167.8504,35,-9.4574,-0.2394
167.8504,36,-8.9575,-0.2507
167.8504,37,-8.4576,-0.2619
167.8504,38,-7.9578,-0.2732
167.8504,39,-7.4580,-0.2849
167.8504,40,-6.9582,-0.2973
167.8504,41,-6.4584,-0.3100
167.8504,42,-5.9584,-0.3178
167.8504,43,-5.4585,-0.3241
167.8504,44,-4.9586,-0.3327
167.8504,45,-4.6146,-0.3390
167.8504,46,-4.4146,-0.3420
167.8504,47,-4.2146,-0.3455
167.8504,48,-4.0147,-0.3495
167.8504,49,-3.8147,-0.3543
167.8504,50,-3.7606,-0.3556
168.9003,0,-18.7419,0.4620
168.9003,1,-18.2467,0.3931
168.9003,2,-17.7510,0.3275
168.9003,3,-17.2549,0.2653
168.9003,4,-16.7583,0.2072
168.9003,5,-16.2613,0.1524
168.9003,6,-15.7640,0.1007
168.9003,7,-15.2663,0.0526
168.9003,8,-14.7683,0.0079
168.9003,9,-14.2701,-0.0341
168.9003,10,-13.7716,-0.0728
168.9003,11,-13.2729,-0.1082
168.9003,12,-12.7740,-0.1412
168.9003,13,-12.2749,-0.1713
168.9003,14,-11.7756,-0.1983
168.9003,15,-11.2762,-0.2230
168.9003,16,-10.7767,-0.2452
168.9003,17,-10.2771,-0.2646
168.9003,18,-9.7774,-0.2817
168.9003,19,-9.2776,-0.2968
168.9003,20,-8.7778,-0.3094
168.9003,21,-8.2779,-0.3199
168.9003,22,-7.7780,-0.3285
168.9003,23,-7.2780,-0.3351
168.9003,24,-6.7780,-0.3396
168.9003,25,-6.2780,-0.3426
168.9003,26,-5.7780,-0.3439
168.9003,27,-5.2780,-0.3434
168.9003,28,-4.7780,-0.3415
168.9003,29,-4.2780,-0.3382
168.9003,30,-3.7781,-0.3333
168.9003,31,-3.2781,-0.3273
168.9003,32,-2.7782,-0.3201
168.9003,33,-2.2782,-0.3118
168.9003,34,-1.7783,-0.3023
168.9003,35,-1.2784,-0.2921
168.9003,36,-0.7786,-0.2809
168.9003,37,-0.2787,-0.2688
168.9003,38,0.2211,-0.2562
168.9003,39,0.7210,-0.2430
168.9003,40,1.2207,-0.2290
168.9003,41,1.7131,-0.2149
168.9003,42,1.9129,-0.2074
168.9003,43,2.1128,-0.1995
168.9003,44,2.3126,-0.1913
168.9003,45,2.5124,-0.1828
168.9003,46,2.7122,-0.1741
168.9003,47,2.9120,-0.1652
168.9003,48,3.1118,-0.1561
168.9003,49,3.3116,-0.1469
168.9003,50,3.3372,-0.1457
169.9006,0,-8.1159,-0.3354
169.9006,1,-7.6159,-0.3398
169.9006,2,-7.1160,-0.3430
169.9006,3,-6.6160,-0.3449
169.9006,4,-6.1160,-0.3456
169.9006,5,-5.6160,-0.3450
169.9006,6,-5.1160,-0.3434
169.9006,7,-4.6160,-0.3405
169.9006,8,-4.1160,-0.3364
169.9006,9,-3.6160,-0.3313
169.9006,10,-3.1161,-0.3250
169.9006,11,-2.6161,-0.3177
169.9006,12,-2.1162,-0.3093
169.9006,13,-1.6163,-0.2998
169.9006,14,-1.1164,-0.2893
169.9006,15,-0.6165,-0.2778
169.9006,16,-0.1167,-0.2653
169.9006,17,0.3831,-0.2518
169.9006,18,0.8829,-0.2374
169.9006,19,1.3827,-0.2221
169.9006,20,1.8824,-0.2059
169.9006,21,2.3821,-0.1887
169.9006,22,2.8818,-0.1708
169.9006,23,3.3815,-0.1519
169.9006,24,3.8811,-0.1322
169.9006,25,4.3807,-0.1118
169.9006,26,4.8802,-0.0905
169.9006,27,5.3797,-0.0685
169.9006,28,5.8792,-0.0457
169.9006,29,6.3787,-0.0222
169.9006,30,6.8781,0.0020
169.9006,31,7.3774,0.0269
169.9006,32,7.8768,0.0524
169.9006,33,8.3761,0.0787
169.9006,34,8.8754,0.1055
169.9006,35,9.3746,0.1329
169.9006,36,9.8738,0.1612
169.9006,37,10.3730,0.1900
169.9006,38,10.8721,0.2193
169.9006,39,11.3712,0.2493
169.9006,40,11.8703,0.2797
169.9006,41,12.3694,0.3106
169.9006,42,12.8684,0.3422
169.9006,43,13.0357,0.3528
170.9008,0,4.3660,-0.1281
170.9008,1,4.8657,-0.1107
170.9008,2,5.3654,-0.0919
170.9008,3,5.8649,-0.0717
170.9008,4,6.3645,-0.0498
170.9008,5,6.8639,-0.0265
170.9008,6,7.3633,-0.0016
170.9008,7,7.8626,0.0248
170.9008,8,8.3618,0.0528
170.9008,9,8.8609,0.0823
170.9008,10,9.3600,0.1132
170.9008,11,9.8589,0.1460
170.9008,12,10.3577,0.1802
170.9008,13,10.8565,0.2159
170.9008,14,11.3551,0.2534
170.9008,15,11.8535,0.2924
170.9008,16,12.3519,0.3329
170.9008,17,12.8501,0.3751
170.9008,18,13.3482,0.4190
170.9008,19,13.8461,0.4645
170.9008,20,14.3439,0.5115
170.9008,21,14.8415,0.5604
170.9008,22,15.3389,0.6108
170.9008,23,15.8362,0.6627
170.9008,24,16.3333,0.7165
170.9008,25,16.8302,0.7720
170.9008,26,17.3270,0.8290
170.9008,27,17.8235,0.8878
170.9008,28,18.3198,0.9484
170.9008,29,18.8159,1.0105
170.9008,30,19.3119,1.0743
170.9008,31,19.8075,1.1401
170.9008,32,20.3030,1.2074
170.9008,33,20.7982,1.2762
170.9008,34,21.2931,1.3471
170.9008,35,21.7879,1.4196
170.9008,36,22.2824,1.4935
170.9008,37,22.7765,1.5696
170.9008,38,23.2705,1.6473
170.9008,39,23.7642,1.7265
170.9008,40,24.2576,1.8075
170.9008,41,24.7507,1.8901
170.9008,42,24.9733,1.9273
171.9504,0,18.6065,0.9749
171.9504,1,19.1011,1.0480
171.9504,2,19.5957,1.1209
171.9504,3,20.0904,1.1937
171.9504,4,20.5851,1.2664
171.9504,5,21.0798,1.3392
171.9504,6,21.5744,1.4121
171.9504,7,22.0690,1.4851
171.9504,8,22.5636,1.5585
171.9504,9,23.0582,1.6323
171.9504,10,23.5526,1.7065
171.9504,11,24.0470,1.7813
171.9504,12,24.5413,1.8567
171.9504,13,25.0355,1.9328
171.9504,14,25.5295,2.0096
171.9504,15,26.0234,2.0874
171.9504,16,26.5172,2.1662
171.9504,17,27.0108,2.2459
171.9504,18,27.5042,2.3269
171.9504,19,27.9974,2.4090
171.9504,20,28.4904,2.4924
171.9504,21,28.9831,2.5773
171.9504,22,29.4756,2.6635
171.9504,23,29.9679,2.7513
171.9504,24,30.4598,2.8409
171.9504,25,30.9514,2.9318
171.9504,26,31.4427,3.0250
171.9504,27,31.9336,3.1199
171.9504,28,32.4242,3.2165
171.9504,29,32.9142,3.3157
171.9504,30,33.4039,3.4167
171.9504,31,33.8932,3.5198
171.9504,32,34.3818,3.6257
171.9504,33,34.8701,3.7336
171.9504,34,35.3577,3.8440
171.9504,35,35.8447,3.9573
171.9504,36,36.3312,4.0726
171.9504,37,36.8169,4.1915
171.9504,38,37.3015,4.3147
171.9504,39,37.7849,4.4423
171.9504,40,38.2668,4.5755
171.9504,41,38.7484,4.7098
171.9504,42,39.2287,4.8488
171.9504,43,39.5033,4.9298
171.9504,44,39.6950,4.9867
171.9504,45,39.8863,5.0452
171.9504,46,39.9377,5.0609
173.0004,0,31.4374,3.0201
173.0004,1,31.9268,3.1224
173.0004,2,32.4158,3.2264
173.0004,3,32.9046,3.3320
173.0004,4,33.3929,3.4394
173.0004,5,33.8808,3.5487
173.0004,6,34.3684,3.6595
173.0004,7,34.8555,3.7721
173.0004,8,35.3423,3.8864
173.0004,9,35.8287,4.0022
173.0004,10,36.3147,4.1196
173.0004,11,36.8003,4.2387
173.0004,12,37.2856,4.3591
173.0004,13,37.7705,4.4811
173.0004,14,38.2550,4.6046
173.0004,15,38.7392,4.7293
173.0004,16,39.2230,4.8554
173.0004,17,39.7065,4.9829
173.0004,18,40.1897,5.1115
173.0004,19,40.6725,5.2414
173.0004,20,41.1549,5.3730
173.0004,21,41.6366,5.5067
173.0004,22,42.1173,5.6446
173.0004,23,42.5961,5.7884
173.0004,24,43.0730,5.9385
173.0004,25,43.5467,6.0985
173.0004,26,44.0166,6.2694
173.0004,27,44.4820,6.4520
173.0004,28,44.9404,6.6515
173.0004,29,45.3909,6.8681
173.0004,30,45.8319,7.1034
173.0004,31,46.2596,7.3622
173.0004,32,46.6702,7.6472
173.0004,33,47.0615,7.9578
173.0004,34,47.4270,8.2984
173.0004,35,47.7575,8.6732
173.0004,36,48.0498,9.0782
173.0004,37,48.2990,9.5106
173.0004,38,48.5091,9.9640
173.0004,39,48.6697,10.4372
173.0004,40,48.7855,10.9228
173.0004,41,48.8666,11.4159
173.0004,42,48.9038,11.9144
173.0004,43,48.9165,12.1251
174.0504,0,41.0765,5.5343
174.0504,1,41.5432,5.7102
174.0504,2,42.0223,5.8529
174.0504,3,42.5063,5.9773
174.0504,4,42.9922,6.0921
174.0504,5,43.4770,6.2103
174.0504,6,43.9600,6.3344
174.0504,7,44.4397,6.4717
174.0504,8,44.9130,6.6295
174.0504,9,45.3763,6.8158
174.0504,10,45.8284,7.0286
174.0504,11,46.2630,7.2754
174.0504,12,46.6736,7.5604
174.0504,13,47.0578,7.8795
174.0504,14,47.4102,8.2335
174.0504,15,47.7241,8.6224
174.0504,16,47.9940,9.0428
174.0504,17,48.2256,9.4854
174.0504,18,48.4224,9.9447
174.0504,19,48.5884,10.4163
174.0504,20,48.7226,10.8979
174.0504,21,48.8355,11.3849
174.0504,22,48.9308,11.8756
174.0504,23,49.0095,12.3693
174.0504,24,49.0741,12.8651
174.0504,25,49.1289,13.3620
174.0504,26,49.1749,13.8598
174.0504,27,49.2113,14.3584
174.0504,28,49.2422,14.8574
174.0504,29,49.2685,15.3567
174.0504,30,49.2910,15.8562
174.0504,31,49.3116,16.3557
174.0504,32,49.3311,16.8553
174.0504,33,49.3499,17.3550
174.0504,34,49.3676,17.8547
174.0504,35,49.3843,18.3544
174.0504,36,49.3997,18.8541
174.0504,37,49.4138,19.3538
174.0504,38,49.4264,19.8536
174.0504,39,49.4374,20.3535
174.0504,40,49.4482,20.8533
174.0504,41,49.4603,21.3531
174.0504,42,49.4728,21.8530
174.0504,43,49.4835,22.3529
174.0504,44,49.4971,22.8526
174.0504,45,49.5131,23.3522
174.0504,46,49.5149,23.5976
174.0504,47,49.5131,23.7571
175.0504,0,46.5113,7.6655
175.0504,1,46.9258,7.9443
175.0504,2,47.3100,8.2619
175.0504,3,47.6558,8.6216
175.0504,4,47.9519,9.0240
175.0504,5,48.2053,9.4542
175.0504,6,48.4197,9.9052
175.0504,7,48.5969,10.3725
175.0504,8,48.7379,10.8520
175.0504,9,48.8554,11.3378
175.0504,10,48.9518,11.8283
175.0504,11,49.0272,12.3226
175.0504,12,49.0904,12.8185
175.0504,13,49.1423,13.3158
175.0504,14,49.1825,13.8141
175.0504,15,49.2159,14.3130
175.0504,16,49.2429,14.8123
175.0504,17,49.2648,15.3118
175.0504,18,49.2842,15.8114
175.0504,19,49.3017,16.3111
175.0504,20,49.3190,16.8108
175.0504,21,49.3361,17.3105
175.0504,22,49.3531,17.8102
175.0504,23,49.3699,18.3099
175.0504,24,49.3865,18.8096
175.0504,25,49.4025,19.3094
175.0504,26,49.4179,19.8091
175.0504,27,49.4326,20.3089
175.0504,28,49.4465,20.8087
175.0504,29,49.4592,21.3086
175.0504,30,49.4709,21.8084
175.0504,31,49.4813,22.3083
175.0504,32,49.4901,22.8082
175.0504,33,49.4975,23.3082
175.0504,34,49.5034,23.8081
175.0504,35,49.5070,24.3081
175.0504,36,49.5090,24.8081
175.0504,37,49.5091,25.3081
175.0504,38,49.5066,25.8081
175.0504,39,49.5021,26.3081
175.0504,40,49.4956,26.8080
175.0504,41,49.4860,27.3079
175.0504,42,49.4744,27.8078
175.0504,43,49.4610,28.3011
175.0504,44,49.4609,28.3043
176.0505,0,48.9282,13.2118
176.0505,1,48.9937,13.7074
176.0505,2,49.0554,14.2036
176.0505,3,49.1124,14.7003
176.0505,4,49.1646,15.1976
176.0505,5,49.2132,15.6952
176.0505,6,49.2573,16.1933
176.0505,7,49.2976,16.6916
176.0505,8,49.3344,17.1903
176.0505,9,49.3669,17.6892
176.0505,10,49.3964,18.1883
176.0505,11,49.4225,18.6877
176.0505,12,49.4451,19.1871
176.0505,13,49.4650,19.6867
176.0505,14,49.4816,20.1865
176.0505,15,49.4955,20.6863
176.0505,16,49.5069,21.1861
176.0505,17,49.5154,21.6861
176.0505,18,49.5217,22.1860
176.0505,19,49.5257,22.6860
176.0505,20,49.5274,23.1860
176.0505,21,49.5273,23.6860
176.0505,22,49.5251,24.1860
176.0505,23,49.5211,24.6860
176.0505,24,49.5157,25.1859
176.0505,25,49.5084,25.6859
176.0505,26,49.4999,26.1858
176.0505,27,49.4902,26.6857
176.0505,28,49.4791,27.1856
176.0505,29,49.4671,27.6855
176.0505,30,49.4540,28.1853
176.0505,31,49.4402,28.6851
176.0505,32,49.4257,29.1849
176.0505,33,49.4106,29.6847
176.0505,34,49.3950,30.1844
176.0505,35,49.3791,30.6842
176.0505,36,49.3629,31.1839
176.0505,37,49.3467,31.6836
176.0505,38,49.3302,32.1834
176.0505,39,49.3134,32.6831
176.0505,40,49.2966,33.1828
176.0505,41,49.2802,33.6825
176.0505,42,49.2640,34.1823
176.0505,43,49.2482,34.6820
176.0505,44,49.2329,35.1818
176.0505,45,49.2176,35.6815
176.0505,46,49.2064,36.0643
176.0505,47,49.2049,36.1135
177.1002,0,49.5067,25.1298
177.1002,1,49.5005,25.6298
177.1002,2,49.4937,26.1298
177.1002,3,49.4860,26.6297
177.1002,4,49.4775,27.1296
177.1002,5,49.4683,27.6295
177.1002,6,49.4582,28.1294
177.1002,7,49.4473,28.6293
177.1002,8,49.4358,29.1292
177.1002,9,49.4233,29.6290
177.1002,10,49.4102,30.1289
177.1002,11,49.3963,30.6287
177.1002,12,49.3817,31.1285
177.1002,13,49.3663,31.6282
177.1002,14,49.3502,32.1280
177.1002,15,49.3333,32.6277
177.1002,16,49.3158,33.1274
177.1002,17,49.2974,33.6270
177.1002,18,49.2785,34.1267
177.1002,19,49.2588,34.6263
177.1002,20,49.2383,35.1259
177.1002,21,49.2173,35.6254
177.1002,22,49.1955,36.1249
177.1002,23,49.1730,36.6244
177.1002,24,49.1499,37.1239
177.1002,25,49.1260,37.6233
177.1002,26,49.1016,38.1227
177.1002,27,49.0765,38.6221
177.1002,28,49.0507,39.1214
177.1002,29,49.0243,39.6207
177.1002,30,48.9972,40.1200
177.1002,31,48.9695,40.6192
177.1002,32,48.9412,41.1184
177.1002,33,48.9122,41.6176
177.1002,34,48.8826,42.1167
177.1002,35,48.8524,42.6158
177.1002,36,48.8216,43.1149
177.1002,37,48.7902,43.6139
177.1002,38,48.7582,44.1128
177.1002,39,48.7253,44.6118
177.1002,40,48.6912,45.1106
177.1002,41,48.6558,45.6093
177.1002,42,48.6309,45.9573
177.1002,43,48.6168,46.1568
177.1002,44,48.6024,46.3563
177.1002,45,48.5878,46.5558
177.1002,46,48.5729,46.7552
177.1002,47,48.5659,46.8483
178.1010,0,49.2489,35.2224
178.1010,1,49.2246,35.7218
178.1010,2,49.1999,36.2212
178.1010,3,49.1751,36.7205
178.1010,4,49.1498,37.2199
178.1010,5,49.1242,37.7193
178.1010,6,49.0982,38.2186
178.1010,7,49.0718,38.7179
178.1010,8,49.0450,39.2172
178.1010,9,49.0179,39.7164
178.1010,10,48.9902,40.2157
178.1010,11,48.9620,40.7149
178.1010,12,48.9335,41.2140
178.1010,13,48.9044,41.7132
178.1010,14,48.8747,42.2123
178.1010,15,48.8446,42.7114
178.1010,16,48.8140,43.2105
178.1010,17,48.7825,43.7095
178.1010,18,48.7506,44.2085
178.1010,19,48.7182,44.7074
178.1010,20,48.6850,45.2063
178.1010,21,48.6512,45.7052
178.1010,22,48.6168,46.2040
178.1010,23,48.5816,46.7027
178.1010,24,48.5457,47.2014
178.1010,25,48.5092,47.7001
178.1010,26,48.4719,48.1987
178.1010,27,48.4337,48.6973
178.1010,28,48.3948,49.1957
178.1010,29,48.3553,49.6942
178.1010,30,48.3146,50.1925
178.1010,31,48.2733,50.6908
178.1010,32,48.2313,51.1890
178.1010,33,48.1880,51.6872
178.1010,34,48.1441,52.1852
178.1010,35,48.0994,52.6832
178.1010,36,48.0534,53.1811
178.1010,37,48.0066,53.6789
178.1010,38,47.9590,54.1766
178.1010,39,47.9102,54.6743
178.1010,40,47.8604,55.1718
178.1010,41,47.8098,55.6692
178.1010,42,47.7580,56.1665
178.1010,43,47.7483,56.2594
